/*
Navicat MySQL Data Transfer

Source Server         : orion
Source Server Version : 50624
Source Host           : localhost:3306
Source Database       : yii.library

Target Server Type    : MYSQL
Target Server Version : 50624
File Encoding         : 65001

Date: 2016-09-22 19:05:14
*/

SET FOREIGN_KEY_CHECKS=0;

-- ----------------------------
-- Table structure for `author`
-- ----------------------------
DROP TABLE IF EXISTS `author`;
CREATE TABLE `author` (
  `id` int(11) NOT NULL AUTO_INCREMENT,
  `name` varchar(255) NOT NULL,
  `surname` varchar(255) NOT NULL,
  `description` text NOT NULL,
  PRIMARY KEY (`id`)
) ENGINE=InnoDB AUTO_INCREMENT=28 DEFAULT CHARSET=utf8;

-- ----------------------------
-- Records of author
-- ----------------------------
INSERT INTO `author` VALUES ('1', 'Jonathan', 'Bate', '<p>\r\n	His publications include <i>Shakespeare and the English Romantic Imagination</i> (1986), <i>Shakespearean Constitutions</i> (1989), <i>Shakespeare and Ovid</i> (1993), the Arden edition of <i>Titus Andronicus</i> (1995), <i>The Genius of Shakespeare</i> (1997), two influential works of <a href=\"https://en.wikipedia.org/wiki/Ecocriticism\" title=\"Ecocriticism\">ecocriticism</a>, <i>Romantic Ecology</i> (1991) and <i>The Song of the Earth</i> (2000), and a novel based indirectly on the life of <a href=\"https://en.wikipedia.org/wiki/William_Hazlitt\" title=\"William Hazlitt\">William Hazlitt</a>, <i>The Cure for Love</i>. His biography of <a href=\"https://en.wikipedia.org/wiki/John_Clare\" title=\"John Clare\">John Clare</a> (2003) won the <a href=\"https://en.wikipedia.org/wiki/Hawthornden_Prize\" title=\"Hawthornden Prize\">Hawthornden Prize</a> and the <a href=\"https://en.wikipedia.org/wiki/James_Tait_Black_Memorial_Prize\" title=\"James Tait Black Memorial Prize\">James Tait Black Memorial Prize</a> (for biography), as well as being short listed for the <a href=\"https://en.wikipedia.org/wiki/Samuel_Johnson_Prize\" title=\"Samuel Johnson Prize\">Samuel Johnson Prize</a>, the <a href=\"https://en.wikipedia.org/wiki/Royal_Society_of_Literature\" title=\"Royal Society of Literature\">Royal Society of Literature</a> <a class=\"new\" href=\"https://en.wikipedia.org/w/index.php?title=Heinemann_Prize&amp;action=edit&amp;redlink=1\" title=\"Heinemann Prize (page does not exist)\">Heinemann Prize</a> and the <a class=\"mw-redirect\" href=\"https://en.wikipedia.org/wiki/South_Bank_Show\" title=\"South Bank Show\">South Bank Show</a> Award. In America it won the NAMI Book Award. <i>The Genius of Shakespeare</i> was praised by <a class=\"mw-redirect\" href=\"https://en.wikipedia.org/wiki/Peter_Hall_%28theatre_director%29\" title=\"Peter Hall (theatre director)\">Sir Peter Hall</a>, founder of the <a href=\"https://en.wikipedia.org/wiki/Royal_Shakespeare_Company\" title=\"Royal Shakespeare Company\">RSC</a>, as &quot;the best modern book on Shakespeare&quot;.<sup class=\"reference\" id=\"cite_ref-6\"><a href=\"https://en.wikipedia.org/wiki/Jonathan_Bate#cite_note-6\">[6]</a></sup> It was reissued with a new afterword in 2008 and again in 2016 as a Picador Classic, with a further afterword and a new introduction by Simon Callow. Bate also edited Clare&#39;s <i>Selected Poetry</i> (Faber and Faber, 2004), and, with Eric Rasmussen, Shakespeare&#39;s <i>Complete Works</i> for the <a href=\"https://en.wikipedia.org/wiki/Royal_Shakespeare_Company\" title=\"Royal Shakespeare Company\">Royal Shakespeare Company</a>, published in April 2007 as part of the <a href=\"https://en.wikipedia.org/wiki/Random_House\" title=\"Random House\">Random House</a> <a href=\"https://en.wikipedia.org/wiki/Modern_Library\" title=\"Modern Library\">Modern Library</a>. This was the first edition since that of <a href=\"https://en.wikipedia.org/wiki/Nicholas_Rowe_%28writer%29\" title=\"Nicholas Rowe (writer)\">Nicholas Rowe</a> in 1709 to use the <a href=\"https://en.wikipedia.org/wiki/First_Folio\" title=\"First Folio\">First Folio</a> as primary copy text for all the plays. It won the Falstaff Award for best Shakespearean book of the year. Each play is also published in an individual volume, with additional materials, including interviews with leading stage directors. A companion volume of the &quot;apocryphal&quot; plays was published in 2013 under the title <i>Collaborative Plays by Shakespeare and Others</i>. It is the first Shakespeare collection to include <i><a href=\"https://en.wikipedia.org/wiki/The_Spanish_Tragedy\" title=\"The Spanish Tragedy\">The Spanish Tragedy</a></i>, laying out the argument for Shakespeare&#39;s authorship of the additional scenes. It also won the Falstaff Award.</p>\r\n<p>\r\n	Bate&#39;s intellectual and contextual biography <i>Soul of the Age: The Life, Mind and World of William Shakespeare</i> (London, 2008, and in USA as <i>Soul of the Age: A Biography of the Mind of William Shakespeare</i>, Random House, 2009) was runner-up for the <a class=\"mw-redirect\" href=\"https://en.wikipedia.org/wiki/International_PEN\" title=\"International PEN\">PEN</a> American Center&#39;s PEN/Jacqueline Bograd Weld Award for the best biography of the year. In 2010 he published <i>English Literature: A Very Short Introduction</i> (<a href=\"https://en.wikipedia.org/wiki/Oxford_University_Press\" title=\"Oxford University Press\">Oxford University Press</a>) and in 2011, as editor, <i>The Public Value of the Humanities</i> (Bloomsbury Academic), a work sponsored by the Arts and Humanities Research Council.</p>\r\n<p>\r\n	Bate is also a frequent writer and presenter of documentary features for <a href=\"https://en.wikipedia.org/wiki/BBC_Radio_4\" title=\"BBC Radio 4\">BBC Radio 4</a>. His subjects have included <i>The Elizabethan Discovery of England</i>, <i>Faking the Classics</i> and <i>The Poetry of History</i>, in which poems about great events are compared to historical accounts. He wrote the script for <a href=\"https://en.wikipedia.org/wiki/Simon_Callow\" title=\"Simon Callow\">Simon Callow</a>&#39;s one-man show <i><a class=\"new\" href=\"https://en.wikipedia.org/w/index.php?title=Shakespeare:_the_Man_from_Stratford&amp;action=edit&amp;redlink=1\" title=\"Shakespeare: the Man from Stratford (page does not exist)\">Shakespeare: the Man from Stratford</a></i> (later renamed <i>Being Shakespeare</i>) for the 2010 <a href=\"https://en.wikipedia.org/wiki/Edinburgh_Festival\" title=\"Edinburgh Festival\">Edinburgh Festival</a>.<sup class=\"reference\" id=\"cite_ref-7\"><a href=\"https://en.wikipedia.org/wiki/Jonathan_Bate#cite_note-7\">[7]</a></sup></p>\r\n<p>\r\n	In 2012 he served as consultant curator for the <a href=\"https://en.wikipedia.org/wiki/British_Museum\" title=\"British Museum\">British Museum</a> round reading room exhibition for the <a class=\"mw-redirect\" href=\"https://en.wikipedia.org/wiki/Cultural_Olympiad\" title=\"Cultural Olympiad\">Cultural Olympiad</a>, <i><a href=\"https://en.wikipedia.org/wiki/Shakespeare:_Staging_the_World\" title=\"Shakespeare: Staging the World\">Shakespeare: Staging the World</a></i>, co-writing the catalogue with curator <a class=\"new\" href=\"https://en.wikipedia.org/w/index.php?title=Dora_Thornton&amp;action=edit&amp;redlink=1\" title=\"Dora Thornton (page does not exist)\">Dora Thornton</a>.<sup class=\"reference\" id=\"cite_ref-8\"><a href=\"https://en.wikipedia.org/wiki/Jonathan_Bate#cite_note-8\">[8]</a></sup></p>\r\n<p>\r\n	&nbsp;</p>\r\n<p>\r\n	His 2015 biography, <i>Ted Hughes: The Unauthorised Life</i>, published globally by <a href=\"https://en.wikipedia.org/wiki/HarperCollins\" title=\"HarperCollins\">HarperCollins</a>, was shortlisted for the <a href=\"https://en.wikipedia.org/wiki/Samuel_Johnson_Prize\" title=\"Samuel Johnson Prize\">Samuel Johnson Prize</a> and was named by the Biographers&#39; International Organization as the outstanding biography of the year in the category of Arts and Literature.</p>\r\n');
INSERT INTO `author` VALUES ('2', 'Jill', 'Dolan', '<div class=\"page-mod-body\">\r\n	<p>\r\n		Jill Dolan is the Annan Professor in English and Professor of Theater in the Lewis Center for the Arts. From 2009-2015, she served as&nbsp;the Director of Princeton&#39;s&nbsp;Program in Gender and Sexuality Studies.</p>\r\n	<p>\r\n		She began teaching at Princeton in 2008, arriving from the University of Texas at Austin, where she held the Zachary T. Scott Family Chair in Drama and headed the Department of Theatre and Dance&rsquo;s MA/PhD program in performance as a public practice from 1999-2008.</p>\r\n	<p>\r\n		Dolan received the 2011 George Jean Nathan Award for Dramatic Criticism for her blog, &ldquo;<a href=\"http://feministspectator.princeton.edu/\" target=\"_blank\">The Feminist Spectator</a>.&quot; She posts regularly about recent theatre, performance, film, and television. In 2013, Palgrave Macmillan published her book,&nbsp;<em>The Feminist Spectator in Action: Feminist Criticism on Stage and Screen</em>,&nbsp;which collects 20 of her blog posts and includes 10 new essays, as well as an extended introduction and a &ldquo;how to&rdquo; section on writing feminist criticism.</p>\r\n	<p>\r\n		Dolan&nbsp;received the Distinguished Scholar Award for Outstanding Career Achievement in Scholarship in the Field of Theatre Studies from the American Society for Theatre Research in 2013. She received a Lifetime Achievement Award from the Women and Theatre Program in 2011. In 2009, Dolan was inaugurated into the College of Fellows of the American Theatre at the Kennedy Center in Washington, DC, and in 2011, became an invited member of the National Theatre Conference, a limited-membership organization for theatre professionals.</p>\r\n	<p>\r\n		She&nbsp;received the 2011 Outstanding Teaching Award from the Association for Theatre in Higher Education. She was inducted into the University of Texas at Austin&rsquo;s Academy of Distinguished Teachers in fall 2006, after receiving a College of Fine Arts teaching award earlier in her UT career. During her six years on the faculty at the University of Wisconsin at Madison, from 1988-1994, she received the William Kiekhofer Award for Excellence in Teaching.</p>\r\n	<p>\r\n		Dolan edited&nbsp;<em>A Menopausal Gentleman: The Solo Performances of Peggy Shaw</em>&nbsp;(University of Michigan, 2011), which won the 2012 Lambda Literary Award for Best LGBT Drama. Her other books include&nbsp;<em>Theatre &amp; Sexuality</em> (Palgrave Macmillan, 2010);&nbsp;<em>Utopia in Performance: Finding Hope at the Theatre</em>&nbsp;(University of Michigan, 2005);&nbsp;<em>Geographies of Learning: Theory and Practice, Activism and Performance</em>&nbsp;(Wesleyan University Press, 2001);&nbsp;<em>Presence and Desire: Essays on Gender, Sexuality, Performance</em>&nbsp;(Michigan, 1993); and&nbsp;<em>The Feminist Spectator as Critic</em>&nbsp;(Michigan, 1991), which has been translated into Korean and was reissued in an anniversary edition in 2012. She is now working on a critical study of the plays of Wendy Wasserstein.</p>\r\n	<p>\r\n		Dolan is a past president of the Association for Theatre in Higher Education (ATHE) and a past president of the Women and Theatre Program, also of ATHE. She is the former Executive Director of the Center for Lesbian and Gay Studies at the Graduate Center of the City University of New York, where she taught in the PhD Program in Theatre from 1994-1999.</p>\r\n	<p>\r\n		Dolan holds a PhD in performance studies from New York University. Her research interests include theatre and drama; performance studies; women&rsquo;s and feminist studies; LGBTQ studies; and American studies.</p>\r\n</div>\r\n');
INSERT INTO `author` VALUES ('3', 'Ayn', 'Rand', '<p class=\"litNoteText\" style=\"box-sizing: inherit; font-family: latoregular, Helvetica, Arial, sans-serif; -webkit-tap-highlight-color: transparent; text-rendering: optimizeLegibility; font-weight: normal; margin: 0px 0px 1.25rem; padding: 0px; font-size: 16px; color: rgb(0, 0, 0); line-height: 1.6rem; font-style: normal; font-variant-ligatures: normal; font-variant-caps: normal; letter-spacing: normal; orphans: 2; text-align: start; text-indent: 0px; text-transform: none; white-space: normal; widows: 2; word-spacing: 0px; -webkit-text-stroke-width: 0px; background-color: rgb(255, 255, 255);\">\r\n	After struggling for several years at various non-writing jobs, including one in the wardrobe department at the RKO film studio, Rand sold her first screenplay,<span class=\"Apple-converted-space\">&nbsp;</span><i style=\"box-sizing: inherit; font-family: latoregular, Helvetica, Arial, sans-serif; -webkit-tap-highlight-color: transparent; font-style: italic; line-height: inherit;\">Red Pawn</i>, to Universal Studios in 1932. In the same year, Rand saw her first stage play,<span class=\"Apple-converted-space\">&nbsp;</span><i style=\"box-sizing: inherit; font-family: latoregular, Helvetica, Arial, sans-serif; -webkit-tap-highlight-color: transparent; font-style: italic; line-height: inherit;\">Night of January 16th</i>, produced in Hollywood and then on Broadway. Her first novel,<span class=\"Apple-converted-space\">&nbsp;</span><i style=\"box-sizing: inherit; font-family: latoregular, Helvetica, Arial, sans-serif; -webkit-tap-highlight-color: transparent; font-style: italic; line-height: inherit;\">We the Living</i>, was completed in 1933. The most autobiographical of Rand&#39;s novels,<span class=\"Apple-converted-space\">&nbsp;</span><i style=\"box-sizing: inherit; font-family: latoregular, Helvetica, Arial, sans-serif; -webkit-tap-highlight-color: transparent; font-style: italic; line-height: inherit;\">We the Living</i><span class=\"Apple-converted-space\">&nbsp;</span>was rejected as too anti-Communist and wasn&#39;t published in the United States until 1936. In 1937, Rand devoted a few weeks to write her novella,<i style=\"box-sizing: inherit; font-family: latoregular, Helvetica, Arial, sans-serif; -webkit-tap-highlight-color: transparent; font-style: italic; line-height: inherit;\">Anthem</i>, which was soon published in England but was not published in the United States until 1947, ten years later.</p>\r\n<p class=\"litNoteText\" style=\"box-sizing: inherit; font-family: latoregular, Helvetica, Arial, sans-serif; -webkit-tap-highlight-color: transparent; text-rendering: optimizeLegibility; font-weight: normal; margin: 0px 0px 1.25rem; padding: 0px; font-size: 16px; color: rgb(0, 0, 0); line-height: 1.6rem; font-style: normal; font-variant-ligatures: normal; font-variant-caps: normal; letter-spacing: normal; orphans: 2; text-align: start; text-indent: 0px; text-transform: none; white-space: normal; widows: 2; word-spacing: 0px; -webkit-text-stroke-width: 0px; background-color: rgb(255, 255, 255);\">\r\n	Although positively reviewed, neither<span class=\"Apple-converted-space\">&nbsp;</span><i style=\"box-sizing: inherit; font-family: latoregular, Helvetica, Arial, sans-serif; -webkit-tap-highlight-color: transparent; font-style: italic; line-height: inherit;\">We the Living<span class=\"Apple-converted-space\">&nbsp;</span></i>nor<i style=\"box-sizing: inherit; font-family: latoregular, Helvetica, Arial, sans-serif; -webkit-tap-highlight-color: transparent; font-style: italic; line-height: inherit;\"><span class=\"Apple-converted-space\">&nbsp;</span>Anthem</i>garnered high sales. Not until the publication of<span class=\"Apple-converted-space\">&nbsp;</span><i style=\"box-sizing: inherit; font-family: latoregular, Helvetica, Arial, sans-serif; -webkit-tap-highlight-color: transparent; font-style: italic; line-height: inherit;\">The Fountainhead</i>did Ayn Rand achieve fame. Rand began writing<span class=\"Apple-converted-space\">&nbsp;</span><i style=\"box-sizing: inherit; font-family: latoregular, Helvetica, Arial, sans-serif; -webkit-tap-highlight-color: transparent; font-style: italic; line-height: inherit;\">The Fountainhead<span class=\"Apple-converted-space\">&nbsp;</span></i>in 1935, taking seven years to complete the book. In the hero of<span class=\"Apple-converted-space\">&nbsp;</span><i style=\"box-sizing: inherit; font-family: latoregular, Helvetica, Arial, sans-serif; -webkit-tap-highlight-color: transparent; font-style: italic; line-height: inherit;\">The Fountainhead</i>, architect Howard Roark, she presented for the first time the kind of hero whose depiction was the chief goal of her writing: the ideal man, man &quot;as he could be and ought to be.&quot;<span class=\"Apple-converted-space\">&nbsp;</span><i style=\"box-sizing: inherit; font-family: latoregular, Helvetica, Arial, sans-serif; -webkit-tap-highlight-color: transparent; font-style: italic; line-height: inherit;\">The Fountainhead<span class=\"Apple-converted-space\">&nbsp;</span></i>was rejected by twelve publishers but finally accepted by Bobbs-Merrill. Although published in 1943,<span class=\"Apple-converted-space\">&nbsp;</span><i style=\"box-sizing: inherit; font-family: latoregular, Helvetica, Arial, sans-serif; -webkit-tap-highlight-color: transparent; font-style: italic; line-height: inherit;\">The Fountainhead</i>made history by becoming a best-seller two years later, through word-of-mouth, and it gained for its author lasting recognition as a champion of individualism.</p>\r\n<p class=\"litNoteText\" style=\"box-sizing: inherit; font-family: latoregular, Helvetica, Arial, sans-serif; -webkit-tap-highlight-color: transparent; text-rendering: optimizeLegibility; font-weight: normal; margin: 0px 0px 1.25rem; padding: 0px; font-size: 16px; color: rgb(0, 0, 0); line-height: 1.6rem; font-style: normal; font-variant-ligatures: normal; font-variant-caps: normal; letter-spacing: normal; orphans: 2; text-align: start; text-indent: 0px; text-transform: none; white-space: normal; widows: 2; word-spacing: 0px; -webkit-text-stroke-width: 0px; background-color: rgb(255, 255, 255);\">\r\n	Ayn Rand returned to Hollywood in late 1943 to write the screenplay for<span class=\"Apple-converted-space\">&nbsp;</span><i style=\"box-sizing: inherit; font-family: latoregular, Helvetica, Arial, sans-serif; -webkit-tap-highlight-color: transparent; font-style: italic; line-height: inherit;\">The Fountainhead</i>, but war-time restrictions delayed production until 1948. Working part-time as a screenwriter for producer Hal Wallis, Rand wrote such scripts as<span class=\"Apple-converted-space\">&nbsp;</span><i style=\"box-sizing: inherit; font-family: latoregular, Helvetica, Arial, sans-serif; -webkit-tap-highlight-color: transparent; font-style: italic; line-height: inherit;\">Love Letters</i><span class=\"Apple-converted-space\">&nbsp;</span>and<span class=\"Apple-converted-space\">&nbsp;</span><i style=\"box-sizing: inherit; font-family: latoregular, Helvetica, Arial, sans-serif; -webkit-tap-highlight-color: transparent; font-style: italic; line-height: inherit;\">You Came Along</i>, and she began her major novel,<span class=\"Apple-converted-space\">&nbsp;</span><i style=\"box-sizing: inherit; font-family: latoregular, Helvetica, Arial, sans-serif; -webkit-tap-highlight-color: transparent; font-style: italic; line-height: inherit;\">Atlas Shrugged</i>, in 1946. In 1951, Rand moved permanently back to New York City and devoted herself full-time to the completion of the novel<span class=\"Apple-converted-space\">&nbsp;</span><i style=\"box-sizing: inherit; font-family: latoregular, Helvetica, Arial, sans-serif; -webkit-tap-highlight-color: transparent; font-style: italic; line-height: inherit;\">Atlas Shrugged</i>. Despite extremely negative reviews,<span class=\"Apple-converted-space\">&nbsp;</span><i style=\"box-sizing: inherit; font-family: latoregular, Helvetica, Arial, sans-serif; -webkit-tap-highlight-color: transparent; font-style: italic; line-height: inherit;\">Atlas Shrugged</i><span class=\"Apple-converted-space\">&nbsp;</span>quickly became a best-seller.</p>\r\n');
INSERT INTO `author` VALUES ('4', 'Ernest', 'Hemingway', '<p style=\"box-sizing: border-box; margin: 0px 0px 30px; padding: 0px; max-width: 620px; color: rgb(51, 51, 51); font-family: &quot;Helvetica Neue&quot;, sans-serif; font-size: 18px; font-style: normal; font-variant-ligatures: normal; font-variant-caps: normal; font-weight: normal; letter-spacing: normal; line-height: 29.7px; orphans: 2; text-align: start; text-indent: 0px; text-transform: none; white-space: normal; widows: 2; word-spacing: 0px; -webkit-text-stroke-width: 0px; background-color: rgb(255, 255, 255);\">\r\n	Hemingway left behind an impressive body of work and an iconic style that still influences writers today. His personality and constant pursuit of adventure loomed almost as large as his creative talent.</p>\r\n<p style=\"box-sizing: border-box; margin: 0px 0px 30px; padding: 0px; max-width: 620px; color: rgb(51, 51, 51); font-family: &quot;Helvetica Neue&quot;, sans-serif; font-size: 18px; font-style: normal; font-variant-ligatures: normal; font-variant-caps: normal; font-weight: normal; letter-spacing: normal; line-height: 29.7px; orphans: 2; text-align: start; text-indent: 0px; text-transform: none; white-space: normal; widows: 2; word-spacing: 0px; -webkit-text-stroke-width: 0px; background-color: rgb(255, 255, 255);\">\r\n	When asked by George Plimpton about the function of his art, Hemingway proved once again to be a master of the &quot;one true sentence&quot;: &quot;From things that have happened and from things as they exist and from all things that you know and all those you cannot know, you make something through your invention that is not a representation but a whole new thing truer than anything true and alive, and you make it alive, and if you make it well enough, you give it immortality.&quot;</p>\r\n');
INSERT INTO `author` VALUES ('5', 'Joan', 'Didion', '<p class=\"inputTextFirst\" style=\"font-family: Arial, Verdana, Helvetica, sans-serif; font-size: 13px !important; color: rgb(109, 100, 74); line-height: 17px; padding: 10px 10px 0px; margin-bottom: -12px; margin-top: -5px !important; font-style: normal; font-variant-ligatures: normal; font-variant-caps: normal; font-weight: normal; letter-spacing: normal; orphans: 2; text-align: start; text-indent: 0px; text-transform: none; white-space: normal; widows: 2; word-spacing: 0px; -webkit-text-stroke-width: 0px; background-color: rgb(241, 246, 226);\">\r\n	Joan Didion was born in Sacramento, California. Didion spent most of her childhood in Sacramento, except for several years during World War II, when she traveled across the county with her mother and brother to be near her father, who served in a succession of posts as an officer in the Army Air Corps. Her family had deep roots in the West; family tales of pioneer days informed her first novel, as well as her later memoir,<span class=\"Apple-converted-space\">&nbsp;</span><i>Where I Was From</i>.</p>\r\n<p class=\"inputText\" style=\"font-family: Arial, Verdana, Helvetica, sans-serif; font-size: 13px !important; color: rgb(109, 100, 74); line-height: 17px; padding: 10px 10px 0px; margin-bottom: -12px; font-style: normal; font-variant-ligatures: normal; font-variant-caps: normal; font-weight: normal; letter-spacing: normal; orphans: 2; text-align: start; text-indent: 0px; text-transform: none; white-space: normal; widows: 2; word-spacing: 0px; -webkit-text-stroke-width: 0px; background-color: rgb(241, 246, 226);\">\r\n	By her own account, Didion was a shy, bookish child, although she also pushed herself to overcome her shyness through acting and public speaking. In her final year at the University of California, Berkeley, she won an essay contest sponsored by<span class=\"Apple-converted-space\">&nbsp;</span><i>Vogue</i><span class=\"Apple-converted-space\">&nbsp;</span>magazine. The first prize was a job in the magazine&#39;s New York office. Didion remained at<span class=\"Apple-converted-space\">&nbsp;</span><i>Vogue</i><span class=\"Apple-converted-space\">&nbsp;</span>for two years, progressing from research assistant to contributing writer. At the same time, she published articles in other magazines and wrote her first novel,<span class=\"Apple-converted-space\">&nbsp;</span><i>Run River</i><span class=\"Apple-converted-space\">&nbsp;</span>(1963). Although the novel sold poorly, it attracted favorable reviews, and she was offered a contract to write a second book.</p>\r\n');
INSERT INTO `author` VALUES ('6', 'Ray', 'Bradbury', '<p>\r\n	<span style=\"color: rgb(51, 51, 51); font-family: &quot;Helvetica Neue&quot;, sans-serif; font-size: 18px; font-style: normal; font-variant-ligatures: normal; font-variant-caps: normal; font-weight: normal; letter-spacing: normal; line-height: 29.7px; orphans: 2; text-align: start; text-indent: 0px; text-transform: none; white-space: normal; widows: 2; word-spacing: 0px; -webkit-text-stroke-width: 0px; display: inline !important; float: none; background-color: rgb(255, 255, 255);\">Ray Bradbury was an American fantasy and horror author who rejected being categorized as a science fiction author, claiming that his work was based on the fantastical and unreal. His best known novel is<span class=\"Apple-converted-space\">&nbsp;</span></span><em style=\"box-sizing: border-box; color: rgb(51, 51, 51); font-family: &quot;Helvetica Neue&quot;, sans-serif; font-size: 18px; font-variant-ligatures: normal; font-variant-caps: normal; font-weight: normal; letter-spacing: normal; line-height: 29.7px; orphans: 2; text-align: start; text-indent: 0px; text-transform: none; white-space: normal; widows: 2; word-spacing: 0px; -webkit-text-stroke-width: 0px; background-color: rgb(255, 255, 255);\">Fahrenheit 451</em><span style=\"color: rgb(51, 51, 51); font-family: &quot;Helvetica Neue&quot;, sans-serif; font-size: 18px; font-style: normal; font-variant-ligatures: normal; font-variant-caps: normal; font-weight: normal; letter-spacing: normal; line-height: 29.7px; orphans: 2; text-align: start; text-indent: 0px; text-transform: none; white-space: normal; widows: 2; word-spacing: 0px; -webkit-text-stroke-width: 0px; display: inline !important; float: none; background-color: rgb(255, 255, 255);\">, a dystopian study of future American society in which critical thought is outlawed. He is also remembered for several other popular works, including</span><em style=\"box-sizing: border-box; color: rgb(51, 51, 51); font-family: &quot;Helvetica Neue&quot;, sans-serif; font-size: 18px; font-variant-ligatures: normal; font-variant-caps: normal; font-weight: normal; letter-spacing: normal; line-height: 29.7px; orphans: 2; text-align: start; text-indent: 0px; text-transform: none; white-space: normal; widows: 2; word-spacing: 0px; -webkit-text-stroke-width: 0px; background-color: rgb(255, 255, 255);\">The Martian Chronicles</em><span style=\"color: rgb(51, 51, 51); font-family: &quot;Helvetica Neue&quot;, sans-serif; font-size: 18px; font-style: normal; font-variant-ligatures: normal; font-variant-caps: normal; font-weight: normal; letter-spacing: normal; line-height: 29.7px; orphans: 2; text-align: start; text-indent: 0px; text-transform: none; white-space: normal; widows: 2; word-spacing: 0px; -webkit-text-stroke-width: 0px; display: inline !important; float: none; background-color: rgb(255, 255, 255);\"><span class=\"Apple-converted-space\">&nbsp;</span>and<span class=\"Apple-converted-space\">&nbsp;</span></span><em style=\"box-sizing: border-box; color: rgb(51, 51, 51); font-family: &quot;Helvetica Neue&quot;, sans-serif; font-size: 18px; font-variant-ligatures: normal; font-variant-caps: normal; font-weight: normal; letter-spacing: normal; line-height: 29.7px; orphans: 2; text-align: start; text-indent: 0px; text-transform: none; white-space: normal; widows: 2; word-spacing: 0px; -webkit-text-stroke-width: 0px; background-color: rgb(255, 255, 255);\">Something Wicked This Way Comes</em><span style=\"color: rgb(51, 51, 51); font-family: &quot;Helvetica Neue&quot;, sans-serif; font-size: 18px; font-style: normal; font-variant-ligatures: normal; font-variant-caps: normal; font-weight: normal; letter-spacing: normal; line-height: 29.7px; orphans: 2; text-align: start; text-indent: 0px; text-transform: none; white-space: normal; widows: 2; word-spacing: 0px; -webkit-text-stroke-width: 0px; display: inline !important; float: none; background-color: rgb(255, 255, 255);\">. Bradbury won the Pulitzer in 2004, and is one of the most celebrated authors of the 21st century. He died in Los Angeles on June 5, 2012, at the age of 91.</span></p>\r\n');
INSERT INTO `author` VALUES ('7', 'Gillian', 'Flynn', '<p>\r\n	<span style=\"color: rgb(24, 24, 24); font-family: Merriweather, Georgia, &quot;Times New Roman&quot;, serif; font-size: 14px; font-style: normal; font-variant-ligatures: normal; font-variant-caps: normal; font-weight: normal; letter-spacing: normal; line-height: 21px; orphans: 2; text-align: left; text-indent: 0px; text-transform: none; white-space: normal; widows: 2; word-spacing: 0px; -webkit-text-stroke-width: 0px; display: inline !important; float: none; background-color: rgb(255, 255, 255);\">Gillian Flynn is an American author and television critic for Entertainment Weekly. She has so far written three novels,<span class=\"Apple-converted-space\">&nbsp;</span></span><em style=\"color: rgb(24, 24, 24); font-family: Merriweather, Georgia, &quot;Times New Roman&quot;, serif; font-size: 14px; font-variant-ligatures: normal; font-variant-caps: normal; font-weight: normal; letter-spacing: normal; line-height: 21px; orphans: 2; text-align: left; text-indent: 0px; text-transform: none; white-space: normal; widows: 2; word-spacing: 0px; -webkit-text-stroke-width: 0px; background-color: rgb(255, 255, 255);\">Sharp Objects</em><span style=\"color: rgb(24, 24, 24); font-family: Merriweather, Georgia, &quot;Times New Roman&quot;, serif; font-size: 14px; font-style: normal; font-variant-ligatures: normal; font-variant-caps: normal; font-weight: normal; letter-spacing: normal; line-height: 21px; orphans: 2; text-align: left; text-indent: 0px; text-transform: none; white-space: normal; widows: 2; word-spacing: 0px; -webkit-text-stroke-width: 0px; display: inline !important; float: none; background-color: rgb(255, 255, 255);\">, for which she won the 2007 Ian Fleming Steel Dagger for the best thriller;<span class=\"Apple-converted-space\">&nbsp;</span></span><em style=\"color: rgb(24, 24, 24); font-family: Merriweather, Georgia, &quot;Times New Roman&quot;, serif; font-size: 14px; font-variant-ligatures: normal; font-variant-caps: normal; font-weight: normal; letter-spacing: normal; line-height: 21px; orphans: 2; text-align: left; text-indent: 0px; text-transform: none; white-space: normal; widows: 2; word-spacing: 0px; -webkit-text-stroke-width: 0px; background-color: rgb(255, 255, 255);\">Dark Places</em><span style=\"color: rgb(24, 24, 24); font-family: Merriweather, Georgia, &quot;Times New Roman&quot;, serif; font-size: 14px; font-style: normal; font-variant-ligatures: normal; font-variant-caps: normal; font-weight: normal; letter-spacing: normal; line-height: 21px; orphans: 2; text-align: left; text-indent: 0px; text-transform: none; white-space: normal; widows: 2; word-spacing: 0px; -webkit-text-stroke-width: 0px; display: inline !important; float: none; background-color: rgb(255, 255, 255);\">; and her best-selling third novel<span class=\"Apple-converted-space\">&nbsp;</span></span><em style=\"color: rgb(24, 24, 24); font-family: Merriweather, Georgia, &quot;Times New Roman&quot;, serif; font-size: 14px; font-variant-ligatures: normal; font-variant-caps: normal; font-weight: normal; letter-spacing: normal; line-height: 21px; orphans: 2; text-align: left; text-indent: 0px; text-transform: none; white-space: normal; widows: 2; word-spacing: 0px; -webkit-text-stroke-width: 0px; background-color: rgb(255, 255, 255);\">Gone Girl</em><span style=\"color: rgb(24, 24, 24); font-family: Merriweather, Georgia, &quot;Times New Roman&quot;, serif; font-size: 14px; font-style: normal; font-variant-ligatures: normal; font-variant-caps: normal; font-weight: normal; letter-spacing: normal; line-height: 21px; orphans: 2; text-align: left; text-indent: 0px; text-transform: none; white-space: normal; widows: 2; word-spacing: 0px; -webkit-text-stroke-width: 0px; display: inline !important; float: none; background-color: rgb(255, 255, 255);\">.</span><br style=\"color: rgb(24, 24, 24); font-family: Merriweather, Georgia, &quot;Times New Roman&quot;, serif; font-size: 14px; font-style: normal; font-variant-ligatures: normal; font-variant-caps: normal; font-weight: normal; letter-spacing: normal; line-height: 21px; orphans: 2; text-align: left; text-indent: 0px; text-transform: none; white-space: normal; widows: 2; word-spacing: 0px; -webkit-text-stroke-width: 0px; background-color: rgb(255, 255, 255);\" />\r\n	<br style=\"color: rgb(24, 24, 24); font-family: Merriweather, Georgia, &quot;Times New Roman&quot;, serif; font-size: 14px; font-style: normal; font-variant-ligatures: normal; font-variant-caps: normal; font-weight: normal; letter-spacing: normal; line-height: 21px; orphans: 2; text-align: left; text-indent: 0px; text-transform: none; white-space: normal; widows: 2; word-spacing: 0px; -webkit-text-stroke-width: 0px; background-color: rgb(255, 255, 255);\" />\r\n	<span style=\"color: rgb(24, 24, 24); font-family: Merriweather, Georgia, &quot;Times New Roman&quot;, serif; font-size: 14px; font-style: normal; font-variant-ligatures: normal; font-variant-caps: normal; font-weight: normal; letter-spacing: normal; line-height: 21px; orphans: 2; text-align: left; text-indent: 0px; text-transform: none; white-space: normal; widows: 2; word-spacing: 0px; -webkit-text-stroke-width: 0px; display: inline !important; float: none; background-color: rgb(255, 255, 255);\">Her book has received wide praise, including from authors such as Stephen King. The dark plot revolves around a serial killer in a Missouri town, and the reporter who has returned from Chicago to cover the event. Themes include dysfunctional families,violence and self-harm.</span><br style=\"color: rgb(24, 24, 24); font-family: Merriweather, Georgia, &quot;Times New Roman&quot;, serif; font-size: 14px; font-style: normal; font-variant-ligatures: normal; font-variant-caps: normal; font-weight: normal; letter-spacing: normal; line-height: 21px; orphans: 2; text-align: left; text-indent: 0px; text-transform: none; white-space: normal; widows: 2; word-spacing: 0px; -webkit-text-stroke-width: 0px; background-color: rgb(255, 255, 255);\" />\r\n	<br style=\"color: rgb(24, 24, 24); font-family: Merriweather, Georgia, &quot;Times New Roman&quot;, serif; font-size: 14px; font-style: normal; font-variant-ligatures: normal; font-variant-caps: normal; font-weight: normal; letter-spacing: normal; line-height: 21px; orphans: 2; text-align: left; text-indent: 0px; text-transform: none; white-space: normal; widows: 2; word-spacing: 0px; -webkit-text-stroke-width: 0px; background-color: rgb(255, 255, 255);\" />\r\n	<span style=\"color: rgb(24, 24, 24); font-family: Merriweather, Georgia, &quot;Times New Roman&quot;, serif; font-size: 14px; font-style: normal; font-variant-ligatures: normal; font-variant-caps: normal; font-weight: normal; letter-spacing: normal; line-height: 21px; orphans: 2; text-align: left; text-indent: 0px; text-transform: none; white-space: normal; widows: 2; word-spacing: 0px; -webkit-text-stroke-width: 0px; display: inline !important; float: none; background-color: rgb(255, 255, 255);\">In 2007 the novel was shortlisted for the Mystery Writers of America Edgar for Best First Novel by an American Writer, Crime Writers&#39; Association Duncan Lawrie, CWA New Blood and Ian Fleming Steel Daggers, winning in the last two categories.</span></p>\r\n');
INSERT INTO `author` VALUES ('8', 'Vladimir', 'Nabokov', '<p style=\"box-sizing: border-box; margin: 0px 0px 10px; color: rgb(0, 0, 0); font-family: &quot;Helvetica Neue&quot;, Helvetica, Arial, sans-serif; font-size: 16px; font-style: normal; font-variant-ligatures: normal; font-variant-caps: normal; font-weight: normal; letter-spacing: normal; line-height: 22.8571px; orphans: 2; text-align: left; text-indent: 0px; text-transform: none; white-space: normal; widows: 2; word-spacing: 0px; -webkit-text-stroke-width: 0px;\">\r\n	Vladimir Nabokov was born in St. Petersburg, Russia, on April 23, 1899, one of<span class=\"Apple-converted-space\">&nbsp;</span><a class=\"knldlink\" href=\"http://www.notablebiographies.com/knowledge/Vladimir_Dmitrievich_Nabokov.html\" rel=\"nofollow\" style=\"box-sizing: border-box; color: rgb(51, 122, 183); text-decoration: none; background-color: transparent;\" title=\"View \'vladimir dmitrievich nabokov\' definition from Wikipedia\">Vladimir Dmitrievich Nabokov</a><span class=\"Apple-converted-space\">&nbsp;</span>and Helene Rukavishnikov Nabokov&#39;s five children. Nabokov&#39;s parents were wealthy and encouraged him to develop his imagination. He studied languages, mathematics, puzzles, and games, including chess, soccer, and boxing. He was educated by private tutors and read English before he read Russian. He entered Prince Tenishev School in St. Petersburg at age eleven. Interested in butterflies his entire life, he became a recognized authority on the subject while still young. Nabokov began writing poems when he was thirteen years old and, as he described it, &quot;the numb fury of<span style=\"color: rgb(0, 0, 0); font-family: &quot;Helvetica Neue&quot;, Helvetica, Arial, sans-serif; font-size: 16px; font-style: normal; font-variant-ligatures: normal; font-variant-caps: normal; font-weight: normal; letter-spacing: normal; line-height: 22.8571px; orphans: 2; text-align: left; text-indent: 0px; text-transform: none; white-space: normal; widows: 2; word-spacing: 0px; -webkit-text-stroke-width: 0px; display: inline !important; float: none; background-color: rgb(255, 255, 255);\">verse making first came over me.&quot; His first book of poetry was published in 1914.</span></p>\r\n<p style=\"box-sizing: border-box; margin: 0px 0px 10px; color: rgb(0, 0, 0); font-family: &quot;Helvetica Neue&quot;, Helvetica, Arial, sans-serif; font-size: 16px; font-style: normal; font-variant-ligatures: normal; font-variant-caps: normal; font-weight: normal; letter-spacing: normal; line-height: 22.8571px; orphans: 2; text-align: left; text-indent: 0px; text-transform: none; white-space: normal; widows: 2; word-spacing: 0px; -webkit-text-stroke-width: 0px;\">\r\n	Nabokov&#39;s father, a lawyer and newspaper editor, was part of a failed movement to establish democracy (a system of government where the people rule) in Russia. The family lost its land and fortune after the Russian Revolution (a Communist overthrow of the government) in 1917 and fled to London, England, where Nabokov entered Cambridge University in 1919. Nabokov graduated in 1922 and rejoined his family in Berlin, Germany, where his father was shot to death by a monarchist (a believer in absolute rule by a single person).</p>\r\n');
INSERT INTO `author` VALUES ('9', 'Jane', 'Austen', '<p>\r\n	<span style=\"color: rgb(51, 51, 51); font-family: &quot;Helvetica Neue&quot;, sans-serif; font-size: 18px; font-style: normal; font-variant-ligatures: normal; font-variant-caps: normal; font-weight: normal; letter-spacing: normal; line-height: 29.7px; orphans: 2; text-align: start; text-indent: 0px; text-transform: none; white-space: normal; widows: 2; word-spacing: 0px; -webkit-text-stroke-width: 0px; display: inline !important; float: none; background-color: rgb(255, 255, 255);\">Jane Austen was born on December 16, 1775, in Steventon, Hampshire, England. While not widely known in her own time, Austen&#39;s comic novels of love among the landed gentry gained popularity after 1869, and her reputation skyrocketed in the 20th century. Her novels, including<span class=\"Apple-converted-space\">&nbsp;</span></span><em style=\"box-sizing: border-box; color: rgb(51, 51, 51); font-family: &quot;Helvetica Neue&quot;, sans-serif; font-size: 18px; font-variant-ligatures: normal; font-variant-caps: normal; font-weight: normal; letter-spacing: normal; line-height: 29.7px; orphans: 2; text-align: start; text-indent: 0px; text-transform: none; white-space: normal; widows: 2; word-spacing: 0px; -webkit-text-stroke-width: 0px; background-color: rgb(255, 255, 255);\">Pride and Prejudice</em><span style=\"color: rgb(51, 51, 51); font-family: &quot;Helvetica Neue&quot;, sans-serif; font-size: 18px; font-style: normal; font-variant-ligatures: normal; font-variant-caps: normal; font-weight: normal; letter-spacing: normal; line-height: 29.7px; orphans: 2; text-align: start; text-indent: 0px; text-transform: none; white-space: normal; widows: 2; word-spacing: 0px; -webkit-text-stroke-width: 0px; display: inline !important; float: none; background-color: rgb(255, 255, 255);\"><span class=\"Apple-converted-space\">&nbsp;</span>and<span class=\"Apple-converted-space\">&nbsp;</span></span><em style=\"box-sizing: border-box; color: rgb(51, 51, 51); font-family: &quot;Helvetica Neue&quot;, sans-serif; font-size: 18px; font-variant-ligatures: normal; font-variant-caps: normal; font-weight: normal; letter-spacing: normal; line-height: 29.7px; orphans: 2; text-align: start; text-indent: 0px; text-transform: none; white-space: normal; widows: 2; word-spacing: 0px; -webkit-text-stroke-width: 0px; background-color: rgb(255, 255, 255);\">Sense and Sensibility</em><span style=\"color: rgb(51, 51, 51); font-family: &quot;Helvetica Neue&quot;, sans-serif; font-size: 18px; font-style: normal; font-variant-ligatures: normal; font-variant-caps: normal; font-weight: normal; letter-spacing: normal; line-height: 29.7px; orphans: 2; text-align: start; text-indent: 0px; text-transform: none; white-space: normal; widows: 2; word-spacing: 0px; -webkit-text-stroke-width: 0px; display: inline !important; float: none; background-color: rgb(255, 255, 255);\">, are considered literary classics, bridging the gap between romance and realism. <br />\r\n	</span></p>\r\n');
INSERT INTO `author` VALUES ('10', 'Mark', 'Twain', '<p>\r\n	<span style=\"color: rgb(51, 51, 51); font-family: &quot;Helvetica Neue&quot;, sans-serif; font-size: 18px; font-style: normal; font-variant-ligatures: normal; font-variant-caps: normal; font-weight: normal; letter-spacing: normal; line-height: 29.7px; orphans: 2; text-align: start; text-indent: 0px; text-transform: none; white-space: normal; widows: 2; word-spacing: 0px; -webkit-text-stroke-width: 0px; display: inline !important; float: none; background-color: rgb(255, 255, 255);\">Born on November 30, 1835, in Florida, Missouri, Samuel L. Clemens wrote under the pen name Mark Twain and went on to author several novels, including two major classics of American literature:&nbsp;</span><em style=\"box-sizing: border-box; color: rgb(51, 51, 51); font-family: &quot;Helvetica Neue&quot;, sans-serif; font-size: 18px; font-variant-ligatures: normal; font-variant-caps: normal; font-weight: normal; letter-spacing: normal; line-height: 29.7px; orphans: 2; text-align: start; text-indent: 0px; text-transform: none; white-space: normal; widows: 2; word-spacing: 0px; -webkit-text-stroke-width: 0px; background-color: rgb(255, 255, 255);\">The Adventures of Tom Sawyer</em><span style=\"color: rgb(51, 51, 51); font-family: &quot;Helvetica Neue&quot;, sans-serif; font-size: 18px; font-style: normal; font-variant-ligatures: normal; font-variant-caps: normal; font-weight: normal; letter-spacing: normal; line-height: 29.7px; orphans: 2; text-align: start; text-indent: 0px; text-transform: none; white-space: normal; widows: 2; word-spacing: 0px; -webkit-text-stroke-width: 0px; display: inline !important; float: none; background-color: rgb(255, 255, 255);\"><span class=\"Apple-converted-space\">&nbsp;</span>and</span><em style=\"box-sizing: border-box; color: rgb(51, 51, 51); font-family: &quot;Helvetica Neue&quot;, sans-serif; font-size: 18px; font-variant-ligatures: normal; font-variant-caps: normal; font-weight: normal; letter-spacing: normal; line-height: 29.7px; orphans: 2; text-align: start; text-indent: 0px; text-transform: none; white-space: normal; widows: 2; word-spacing: 0px; -webkit-text-stroke-width: 0px; background-color: rgb(255, 255, 255);\">&nbsp;Adventures of Huckleberry Finn</em><span style=\"color: rgb(51, 51, 51); font-family: &quot;Helvetica Neue&quot;, sans-serif; font-size: 18px; font-style: normal; font-variant-ligatures: normal; font-variant-caps: normal; font-weight: normal; letter-spacing: normal; line-height: 29.7px; orphans: 2; text-align: start; text-indent: 0px; text-transform: none; white-space: normal; widows: 2; word-spacing: 0px; -webkit-text-stroke-width: 0px; display: inline !important; float: none; background-color: rgb(255, 255, 255);\">. He was also a riverboat pilot, journalist, lecturer, entrepreneur and inventor. Twain died on April 21, 1910, in Redding, Connecticut.</span></p>\r\n');
INSERT INTO `author` VALUES ('11', 'Meg', 'Wolitzer', '<p style=\"margin: 0px; padding: 5px 0px; color: rgb(51, 51, 51); line-height: 18px; font-family: Arial, Helvetica, sans-serif; font-size: 12px; font-style: normal; font-variant-ligatures: normal; font-variant-caps: normal; font-weight: normal; letter-spacing: normal; orphans: 2; text-align: start; text-indent: 0px; text-transform: none; white-space: normal; widows: 2; word-spacing: 0px; -webkit-text-stroke-width: 0px; background-color: rgb(255, 255, 255);\">\r\n	Meg Wolitzer grew up around books. Her mother, Hilma Wolitzer, published two novels while Meg was still in school, and weekly trips to the library were a ritual the entire family looked forward to. Not surprisingly, Meg served as editor for her junior high and high school literary magazines. She graduated from Brown University in 1981. One year later, she published her debut novel,<span class=\"Apple-converted-space\">&nbsp;</span><i>Sleepwalking</i>, the story of three college girls bonded by an unhealthy fascination with suicidal women poets. It marked the beginning of a successful writing career that shows no sign of slacking.</p>\r\n<p style=\"margin: 0px; padding: 5px 0px; color: rgb(51, 51, 51); line-height: 18px; font-family: Arial, Helvetica, sans-serif; font-size: 12px; font-style: normal; font-variant-ligatures: normal; font-variant-caps: normal; font-weight: normal; letter-spacing: normal; orphans: 2; text-align: start; text-indent: 0px; text-transform: none; white-space: normal; widows: 2; word-spacing: 0px; -webkit-text-stroke-width: 0px; background-color: rgb(255, 255, 255);\">\r\n	Over the years, Wolitzer has proven herself a deft chronicler of intense, unconventional relationships, especially among women. She has explored with wit and sensitivity the dynamics of fractured families (<i>This Is Your Life, The Position</i>); the devastating effects of death (<i>Surrender, Dorothy</i>), the challenges of friendship (<i>Friends for Life</i>), and the prospective minefield of gender, identity, and dashed expectations (<i>Hidden Pictures, The Wife, The Ten-Year Nap</i>).</p>\r\n<p style=\"margin: 0px; padding: 5px 0px; color: rgb(51, 51, 51); line-height: 18px; font-family: Arial, Helvetica, sans-serif; font-size: 12px; font-style: normal; font-variant-ligatures: normal; font-variant-caps: normal; font-weight: normal; letter-spacing: normal; orphans: 2; text-align: start; text-indent: 0px; text-transform: none; white-space: normal; widows: 2; word-spacing: 0px; -webkit-text-stroke-width: 0px; background-color: rgb(255, 255, 255);\">\r\n	In addition to her bestselling novels, Wolitzer has written a number of screenplays. Her short fiction has appeared in<span class=\"Apple-converted-space\">&nbsp;</span><i>The Best American Short Stories<span class=\"Apple-converted-space\">&nbsp;</span></i>and<span class=\"Apple-converted-space\">&nbsp;</span><i>The Pushcart Prize</i>, and she has also taught writing at the University of Iowa Writers&#39; Workshop and at Skidmore College.</p>\r\n');
INSERT INTO `author` VALUES ('12', 'Erik', 'Larson', '<p>\r\n	<span style=\"color: rgb(51, 51, 51); font-family: &quot;Myriad Pro&quot;, Myriad, Tahoma, Geneva, &quot;Helvetica Neue&quot;, Helvetica, Arial, sans-serif; font-size: 14px; font-style: normal; font-variant-ligatures: normal; font-variant-caps: normal; font-weight: normal; letter-spacing: normal; line-height: 26px; orphans: 2; text-align: left; text-indent: 0px; text-transform: none; white-space: normal; widows: 2; word-spacing: 0px; -webkit-text-stroke-width: 0px; display: inline !important; float: none; background-color: rgb(255, 255, 255);\">To begin with, I was born in Brooklyn. Like half the planet. Birthdate: Jan. 3, 1954. I spent a couple of years in Brooklyn, but have really only one clear recollection&mdash;of being bitten by my upstairs friend/neighbor, John H&mdash;. I lived briefly in Central Islip and Massapequa, but mostly grew up in Freeport, Long Island, a suburb of New York City, and had three main pursuits: climbing tall trees, riding my bike to the far reaches of the island (typically without my parents&rsquo; knowledge), and body-surfing at Jones Beach (field no. 9). At first I wanted to be a New Yorker cartoonist. For a year or so during my junior-high years I sent my work to the magazine. I seem to recall my cartoons being returned within 24 hours, though surely that can&rsquo;t be the case. Next I wrote a novel. It was 75 pages long and had a sex scene, even though I had no idea what sex was. I loved it when I got to stay home from school for a cold or some other illness. Yes, once I feigned being ill by putting the thermometer under the hot-water faucet. When I think about it now I&rsquo;m pretty sure my mother guessed, because a 112-degree F temperature is pretty high. When I did get to stay home from school I read the Dumas brothers and drew things. I drew for hours and hours on end. I did have a high-school girlfriend, Michelle G&mdash;-, who in fact shaped my destiny. It was because of her that I went to the University of Pennsylvania. She dumped me two weeks later. This was hard. I recovered. She undumped me. We dated another six months. Then she dumped me again. But I was happy. I studied Russian, learned to drink vodka from a real Russian prince, fought acne by wearing underwear on my head to keep the hair off my face, and graduated Summa Cum Laude. My first job was in New York as an editorial assistant, meaning gopher, for a publisher in New York. On the way to my interview I stopped in Penn Station to use the men&rsquo;s room. When I flushed the john, out came a spume of blue water. I got the job anyway, a pity hire, clearly. But I enjoyed the work. Two editors fought over me, not because I was particuarly talented or good looking, but because they hated each other and had offices with big glass windows that faced each other across a narrow corridor, which only amplified their hatred. I became their pawn. Each would sit me down in front of the big glass window and try to be charming, so that the other saw and suspected that gossip was being traded. This was hard until I caught on. Then it became fun, and again I was happy. I saw<span class=\"Apple-converted-space\">&nbsp;</span></span><em style=\"color: rgb(51, 51, 51); font-family: &quot;Myriad Pro&quot;, Myriad, Tahoma, Geneva, &quot;Helvetica Neue&quot;, Helvetica, Arial, sans-serif; font-size: 14px; font-variant-ligatures: normal; font-variant-caps: normal; font-weight: normal; letter-spacing: normal; line-height: 26px; orphans: 2; text-align: left; text-indent: 0px; text-transform: none; white-space: normal; widows: 2; word-spacing: 0px; -webkit-text-stroke-width: 0px; background-color: rgb(255, 255, 255);\">All the President&rsquo;s Men</em><span style=\"color: rgb(51, 51, 51); font-family: &quot;Myriad Pro&quot;, Myriad, Tahoma, Geneva, &quot;Helvetica Neue&quot;, Helvetica, Arial, sans-serif; font-size: 14px; font-style: normal; font-variant-ligatures: normal; font-variant-caps: normal; font-weight: normal; letter-spacing: normal; line-height: 26px; orphans: 2; text-align: left; text-indent: 0px; text-transform: none; white-space: normal; widows: 2; word-spacing: 0px; -webkit-text-stroke-width: 0px; display: inline !important; float: none; background-color: rgb(255, 255, 255);\">, and again my life was changed. I went to journalism grad school at Columbia University. On one of my first assignments I was standing under the West Side Highway when a pigeon, or possibly a large goose, crapped down the face of my new London Fog raincoat. I didn&rsquo;t know it until I began conducting man-on-the-street interviews and one of my subjects kindly pointed out that I stunk like hell and should go look at myself in a fucking mirror. On graduation day former-mayor John Lindsay was sitting in the row behind my family. At the conclusion of the ceremony, my mother stood up and told him he was the handsomest man she had ever met. This was embarrassing. My first journalism job was for the<span class=\"Apple-converted-space\">&nbsp;</span></span><em style=\"color: rgb(51, 51, 51); font-family: &quot;Myriad Pro&quot;, Myriad, Tahoma, Geneva, &quot;Helvetica Neue&quot;, Helvetica, Arial, sans-serif; font-size: 14px; font-variant-ligatures: normal; font-variant-caps: normal; font-weight: normal; letter-spacing: normal; line-height: 26px; orphans: 2; text-align: left; text-indent: 0px; text-transform: none; white-space: normal; widows: 2; word-spacing: 0px; -webkit-text-stroke-width: 0px; background-color: rgb(255, 255, 255);\">Bucks County Courier Times</em><span style=\"color: rgb(51, 51, 51); font-family: &quot;Myriad Pro&quot;, Myriad, Tahoma, Geneva, &quot;Helvetica Neue&quot;, Helvetica, Arial, sans-serif; font-size: 14px; font-style: normal; font-variant-ligatures: normal; font-variant-caps: normal; font-weight: normal; letter-spacing: normal; line-height: 26px; orphans: 2; text-align: left; text-indent: 0px; text-transform: none; white-space: normal; widows: 2; word-spacing: 0px; -webkit-text-stroke-width: 0px; display: inline !important; float: none; background-color: rgb(255, 255, 255);\"><span class=\"Apple-converted-space\">&nbsp;</span>in Levittown, Pa., a great spot to start my career. One day they passed me over for a promotion I dearly wanted and hired a new guy instead. I immediately shipped my resume to newspapers all over the planet and got hired by the<span class=\"Apple-converted-space\">&nbsp;</span></span><em style=\"color: rgb(51, 51, 51); font-family: &quot;Myriad Pro&quot;, Myriad, Tahoma, Geneva, &quot;Helvetica Neue&quot;, Helvetica, Arial, sans-serif; font-size: 14px; font-variant-ligatures: normal; font-variant-caps: normal; font-weight: normal; letter-spacing: normal; line-height: 26px; orphans: 2; text-align: left; text-indent: 0px; text-transform: none; white-space: normal; widows: 2; word-spacing: 0px; -webkit-text-stroke-width: 0px; background-color: rgb(255, 255, 255);\">Wall Street Journal</em><span style=\"color: rgb(51, 51, 51); font-family: &quot;Myriad Pro&quot;, Myriad, Tahoma, Geneva, &quot;Helvetica Neue&quot;, Helvetica, Arial, sans-serif; font-size: 14px; font-style: normal; font-variant-ligatures: normal; font-variant-caps: normal; font-weight: normal; letter-spacing: normal; line-height: 26px; orphans: 2; text-align: left; text-indent: 0px; text-transform: none; white-space: normal; widows: 2; word-spacing: 0px; -webkit-text-stroke-width: 0px; display: inline !important; float: none; background-color: rgb(255, 255, 255);\">. The job changed my life and shaped my future in ways I cannot even begin to describe. I tried as much as possible to avoid the main mission of the journal, which was to write business news, and concentrated instead on feature stories for Page One. My favorite: A story on video-dating that caused Bob Woodward to launch an investigation of me. So there WAS something that Nixon and I had in common. I hit it off so well with one of my video women that we ended up dating for about nine months. In the story I called her Emily; after it ran I received maybe 500 letters, including at least one marriage proposal. I also got a call from a female reporter for the<span class=\"Apple-converted-space\">&nbsp;</span></span><em style=\"color: rgb(51, 51, 51); font-family: &quot;Myriad Pro&quot;, Myriad, Tahoma, Geneva, &quot;Helvetica Neue&quot;, Helvetica, Arial, sans-serif; font-size: 14px; font-variant-ligatures: normal; font-variant-caps: normal; font-weight: normal; letter-spacing: normal; line-height: 26px; orphans: 2; text-align: left; text-indent: 0px; text-transform: none; white-space: normal; widows: 2; word-spacing: 0px; -webkit-text-stroke-width: 0px; background-color: rgb(255, 255, 255);\">Washington Post</em><span style=\"color: rgb(51, 51, 51); font-family: &quot;Myriad Pro&quot;, Myriad, Tahoma, Geneva, &quot;Helvetica Neue&quot;, Helvetica, Arial, sans-serif; font-size: 14px; font-style: normal; font-variant-ligatures: normal; font-variant-caps: normal; font-weight: normal; letter-spacing: normal; line-height: 26px; orphans: 2; text-align: left; text-indent: 0px; text-transform: none; white-space: normal; widows: 2; word-spacing: 0px; -webkit-text-stroke-width: 0px; display: inline !important; float: none; background-color: rgb(255, 255, 255);\"><span class=\"Apple-converted-space\">&nbsp;</span>who told me that Woodward didn&rsquo;t believe the dating story and its result. This struck me as very funny, given that the</span><em style=\"color: rgb(51, 51, 51); font-family: &quot;Myriad Pro&quot;, Myriad, Tahoma, Geneva, &quot;Helvetica Neue&quot;, Helvetica, Arial, sans-serif; font-size: 14px; font-variant-ligatures: normal; font-variant-caps: normal; font-weight: normal; letter-spacing: normal; line-height: 26px; orphans: 2; text-align: left; text-indent: 0px; text-transform: none; white-space: normal; widows: 2; word-spacing: 0px; -webkit-text-stroke-width: 0px; background-color: rgb(255, 255, 255);\">Post</em><span style=\"color: rgb(51, 51, 51); font-family: &quot;Myriad Pro&quot;, Myriad, Tahoma, Geneva, &quot;Helvetica Neue&quot;, Helvetica, Arial, sans-serif; font-size: 14px; font-style: normal; font-variant-ligatures: normal; font-variant-caps: normal; font-weight: normal; letter-spacing: normal; line-height: 26px; orphans: 2; text-align: left; text-indent: 0px; text-transform: none; white-space: normal; widows: 2; word-spacing: 0px; -webkit-text-stroke-width: 0px; display: inline !important; float: none; background-color: rgb(255, 255, 255);\"><span class=\"Apple-converted-space\">&nbsp;</span>had only recently won a Pulitzer for a story that had been fabricated from the ground up. However, I arranged a clandestine conversation between the reporter and &ldquo;Emily.&rdquo; I never heard from the<span class=\"Apple-converted-space\">&nbsp;</span></span><em style=\"color: rgb(51, 51, 51); font-family: &quot;Myriad Pro&quot;, Myriad, Tahoma, Geneva, &quot;Helvetica Neue&quot;, Helvetica, Arial, sans-serif; font-size: 14px; font-variant-ligatures: normal; font-variant-caps: normal; font-weight: normal; letter-spacing: normal; line-height: 26px; orphans: 2; text-align: left; text-indent: 0px; text-transform: none; white-space: normal; widows: 2; word-spacing: 0px; -webkit-text-stroke-width: 0px; background-color: rgb(255, 255, 255);\">Post</em><span style=\"color: rgb(51, 51, 51); font-family: &quot;Myriad Pro&quot;, Myriad, Tahoma, Geneva, &quot;Helvetica Neue&quot;, Helvetica, Arial, sans-serif; font-size: 14px; font-style: normal; font-variant-ligatures: normal; font-variant-caps: normal; font-weight: normal; letter-spacing: normal; line-height: 26px; orphans: 2; text-align: left; text-indent: 0px; text-transform: none; white-space: normal; widows: 2; word-spacing: 0px; -webkit-text-stroke-width: 0px; display: inline !important; float: none; background-color: rgb(255, 255, 255);\">again, at least not in that capacity. At some point I grew tired of writing journalism. One day the managing editor summoned me to New York, to a breakfast at Windows on the World in the World Trade Center, where I knew he planned to offer me a job as bureau chief in one of the paper&rsquo;s key bureaus. I told him no. Soon afterward, I got married&mdash;blind date, of all things&mdash;and my wife and I moved to Baltimore, where I wrote a couple of unpublished novels, did some respectable free-lance pieces, helped raise some babies, and wrote my first book,<span class=\"Apple-converted-space\">&nbsp;</span></span><em style=\"color: rgb(51, 51, 51); font-family: &quot;Myriad Pro&quot;, Myriad, Tahoma, Geneva, &quot;Helvetica Neue&quot;, Helvetica, Arial, sans-serif; font-size: 14px; font-variant-ligatures: normal; font-variant-caps: normal; font-weight: normal; letter-spacing: normal; line-height: 26px; orphans: 2; text-align: left; text-indent: 0px; text-transform: none; white-space: normal; widows: 2; word-spacing: 0px; -webkit-text-stroke-width: 0px; background-color: rgb(255, 255, 255);\">The Naked Consumer</em><span style=\"color: rgb(51, 51, 51); font-family: &quot;Myriad Pro&quot;, Myriad, Tahoma, Geneva, &quot;Helvetica Neue&quot;, Helvetica, Arial, sans-serif; font-size: 14px; font-style: normal; font-variant-ligatures: normal; font-variant-caps: normal; font-weight: normal; letter-spacing: normal; line-height: 26px; orphans: 2; text-align: left; text-indent: 0px; text-transform: none; white-space: normal; widows: 2; word-spacing: 0px; -webkit-text-stroke-width: 0px; display: inline !important; float: none; background-color: rgb(255, 255, 255);\">, about how companies spied on individual consumers. I loved that book. No one else did. This was hard, but I was happy. One thing led to another and now I&rsquo;ve got five books under my belt. I live in Seattle with my blind-date wife and three daughters. The corpses of numerous beloved rodents are buried in my yard. I love to cook, I play too much tennis, I drink too much red wine, I like martinis and humor dry, I think<span class=\"Apple-converted-space\">&nbsp;</span></span><em style=\"color: rgb(51, 51, 51); font-family: &quot;Myriad Pro&quot;, Myriad, Tahoma, Geneva, &quot;Helvetica Neue&quot;, Helvetica, Arial, sans-serif; font-size: 14px; font-variant-ligatures: normal; font-variant-caps: normal; font-weight: normal; letter-spacing: normal; line-height: 26px; orphans: 2; text-align: left; text-indent: 0px; text-transform: none; white-space: normal; widows: 2; word-spacing: 0px; -webkit-text-stroke-width: 0px; background-color: rgb(255, 255, 255);\">Airplane</em><span style=\"color: rgb(51, 51, 51); font-family: &quot;Myriad Pro&quot;, Myriad, Tahoma, Geneva, &quot;Helvetica Neue&quot;, Helvetica, Arial, sans-serif; font-size: 14px; font-style: normal; font-variant-ligatures: normal; font-variant-caps: normal; font-weight: normal; letter-spacing: normal; line-height: 26px; orphans: 2; text-align: left; text-indent: 0px; text-transform: none; white-space: normal; widows: 2; word-spacing: 0px; -webkit-text-stroke-width: 0px; display: inline !important; float: none; background-color: rgb(255, 255, 255);\"><span class=\"Apple-converted-space\">&nbsp;</span>is the finest comedy ever made, and I was reading dark moody Swedish detective stories decades before the &ldquo;Girl Who&rdquo; books appeared.</span></p>\r\n');
INSERT INTO `author` VALUES ('13', 'Samuel', 'Beckett', '<p>\r\n	<span style=\"color: rgb(51, 51, 51); font-family: &quot;Helvetica Neue&quot;, sans-serif; font-size: 18px; font-style: normal; font-variant-ligatures: normal; font-variant-caps: normal; font-weight: normal; letter-spacing: normal; line-height: 29.7px; orphans: 2; text-align: start; text-indent: 0px; text-transform: none; white-space: normal; widows: 2; word-spacing: 0px; -webkit-text-stroke-width: 0px; display: inline !important; float: none; background-color: rgb(255, 255, 255);\">Samuel Beckett was born on April 13, 1906, in Dublin, Ireland. During the 1930s and 1940s he wrote his first novels and short stories. He wrote a trilogy of novels in the 1950s as well as famous plays like<span class=\"Apple-converted-space\">&nbsp;</span></span><em style=\"box-sizing: border-box; color: rgb(51, 51, 51); font-family: &quot;Helvetica Neue&quot;, sans-serif; font-size: 18px; font-variant-ligatures: normal; font-variant-caps: normal; font-weight: normal; letter-spacing: normal; line-height: 29.7px; orphans: 2; text-align: start; text-indent: 0px; text-transform: none; white-space: normal; widows: 2; word-spacing: 0px; -webkit-text-stroke-width: 0px; background-color: rgb(255, 255, 255);\">Waiting for Godot</em><span style=\"color: rgb(51, 51, 51); font-family: &quot;Helvetica Neue&quot;, sans-serif; font-size: 18px; font-style: normal; font-variant-ligatures: normal; font-variant-caps: normal; font-weight: normal; letter-spacing: normal; line-height: 29.7px; orphans: 2; text-align: start; text-indent: 0px; text-transform: none; white-space: normal; widows: 2; word-spacing: 0px; -webkit-text-stroke-width: 0px; display: inline !important; float: none; background-color: rgb(255, 255, 255);\">. In 1969 he was awarded the Nobel Prize for Literature. His later works included poetry and short story collections and novellas. He died on December 22, 1989 in Paris, France.</span></p>\r\n');
INSERT INTO `author` VALUES ('14', 'Amy', 'Tan', '<p>\r\n	<span style=\"color: rgb(51, 51, 51); font-family: &quot;Helvetica Neue&quot;, sans-serif; font-size: 18px; font-style: normal; font-variant-ligatures: normal; font-variant-caps: normal; font-weight: normal; letter-spacing: normal; line-height: 29.7px; orphans: 2; text-align: start; text-indent: 0px; text-transform: none; white-space: normal; widows: 2; word-spacing: 0px; -webkit-text-stroke-width: 0px; display: inline !important; float: none; background-color: rgb(255, 255, 255);\">Amy Tan was born on February 19, 1952 in Oakland, California. In 1985, she wrote the story &quot;Rules of the Game,&quot; which was the foundation for her first novel<span class=\"Apple-converted-space\">&nbsp;</span></span><em style=\"box-sizing: border-box; color: rgb(51, 51, 51); font-family: &quot;Helvetica Neue&quot;, sans-serif; font-size: 18px; font-variant-ligatures: normal; font-variant-caps: normal; font-weight: normal; letter-spacing: normal; line-height: 29.7px; orphans: 2; text-align: start; text-indent: 0px; text-transform: none; white-space: normal; widows: 2; word-spacing: 0px; -webkit-text-stroke-width: 0px; background-color: rgb(255, 255, 255);\">The Joy Luck Club</em><span style=\"color: rgb(51, 51, 51); font-family: &quot;Helvetica Neue&quot;, sans-serif; font-size: 18px; font-style: normal; font-variant-ligatures: normal; font-variant-caps: normal; font-weight: normal; letter-spacing: normal; line-height: 29.7px; orphans: 2; text-align: start; text-indent: 0px; text-transform: none; white-space: normal; widows: 2; word-spacing: 0px; -webkit-text-stroke-width: 0px; display: inline !important; float: none; background-color: rgb(255, 255, 255);\">. The book explored the relationship between Chinese women and their Chinese-American daughters. It received the<span class=\"Apple-converted-space\">&nbsp;</span></span><em style=\"box-sizing: border-box; color: rgb(51, 51, 51); font-family: &quot;Helvetica Neue&quot;, sans-serif; font-size: 18px; font-variant-ligatures: normal; font-variant-caps: normal; font-weight: normal; letter-spacing: normal; line-height: 29.7px; orphans: 2; text-align: start; text-indent: 0px; text-transform: none; white-space: normal; widows: 2; word-spacing: 0px; -webkit-text-stroke-width: 0px; background-color: rgb(255, 255, 255);\">Los Angeles Times</em><span style=\"color: rgb(51, 51, 51); font-family: &quot;Helvetica Neue&quot;, sans-serif; font-size: 18px; font-style: normal; font-variant-ligatures: normal; font-variant-caps: normal; font-weight: normal; letter-spacing: normal; line-height: 29.7px; orphans: 2; text-align: start; text-indent: 0px; text-transform: none; white-space: normal; widows: 2; word-spacing: 0px; -webkit-text-stroke-width: 0px; display: inline !important; float: none; background-color: rgb(255, 255, 255);\"><span class=\"Apple-converted-space\">&nbsp;</span>Book Award and was translated into 25 languages. Tan lives in San Francisco and New York.</span></p>\r\n');
INSERT INTO `author` VALUES ('25', 'Alexander', 'Pushkin', '<p class=\"ab\">\r\n	Alexander Sergeyevich Pushkin was born on the 26th of May, 1799 in Moscow in the noble family (his father was the retired major).</p>\r\n<p class=\"ab\">\r\n	In the same day the emperor&#39;s granddaughter was born. That&#39;s way the chimes had been heard all over the town during the whole day. So, on casual concurrence of events the birthday of the Russian genius was marked by people&#39;s rejoicing . The place of his born is also symbolic- Moscow is the heart of Russia, Russian life.</p>\r\n<p class=\"ab\">\r\n	Future poet was christened on the 8th of May in honor of Holy Alexander, Konstantinopolskiy Patriarch, in the Pushkin`s parents, Sergei Lvovich and Nadezhda Osipovna, were distant relatives- second cousins.</p>\r\n<p class=\"ab\">\r\n	This family (except Alexander were also Olga and Lev) belonged to the most educated part of the Moscow society.</p>\r\n');
INSERT INTO `author` VALUES ('26', 'George', 'Martin', '<p>\r\n	Born in 1948, fantasy writer George R. R. Martin grew up in Bayonne, New Jersey. He developed a love for writing early on. His first novel, <em>Dying of the Light</em>, debuted in 1977. In 1996, he published his first installment of the A Song of Ice and Fire series. Martin became a best-selling author in 2005 with the fourth title <em>A Feast for Crows</em> and again in 2011 with the fifth <em>A Dance with Dragons</em>.</p>\r\n');
INSERT INTO `author` VALUES ('27', 'Thacher', 'Hurds', '<p>\r\n	The son of author Edith Thacher Hurd and illustrator Clement Hurd, Thacher Hurd was almost destined for a career in children&#39;s books. Born in 1949, Hurd grew up in rural Vermont surrounded by the books his parents created together and with others. His entry into the profession came when he was 16 and wrote <i>Little Dog Dreaming</i> with his mother; his father illustrated it. Hurd then went on to study at the University of California at Berkeley and the California College of Arts and Crafts, receiving his BFA in 1972. Working as a builder, designer, and cabinetmaker after graduation, Hurd set his sights on being a &ldquo;serious&rdquo; artist. Still lifes, landscapes, and figure drawing held little magic for him, however, and soon he gave in and began writing and illustrating his own picture books.</p>\r\n<p>\r\n	Since 1978, Hurd has written and illustrated more than 15 books for children, and has illustrated books by other authors, as well. Hurd plays the piano, guitar, and trombone, and music fans will find his books full of rhythm and musical images &mdash; his own band, The New Tokaloma Swamp Band, even made it into the award-winning <i>Mama Don&#39;t Allow</i>, a book based on the jazz song of the same name.</p>\r\n<p>\r\n	Together with his wife, Olivia Hurd, Thacher Hurd founded Peaceable Kingdom Press, a publisher of greeting cards featuring illustrations from children&#39;s books. The Hurds have two children and live in Berkeley, California.</p>\r\n');

-- ----------------------------
-- Table structure for `book`
-- ----------------------------
DROP TABLE IF EXISTS `book`;
CREATE TABLE `book` (
  `id` int(11) NOT NULL AUTO_INCREMENT,
  `name` varchar(255) NOT NULL,
  `year` int(11) NOT NULL,
  `available` tinyint(4) NOT NULL,
  `isbn` varchar(255) NOT NULL,
  `timestamp` int(11) NOT NULL,
  `description` text NOT NULL,
  PRIMARY KEY (`id`),
  UNIQUE KEY `isbn` (`isbn`)
) ENGINE=InnoDB AUTO_INCREMENT=58 DEFAULT CHARSET=utf8;

-- ----------------------------
-- Records of book
-- ----------------------------
INSERT INTO `book` VALUES ('17', 'The Nazi Hunters', '2016', '1', '178429389X', '1472974469', '<p>\r\n	<span style=\"font-family: latoregular; font-size: 13px; background-color: rgb(255, 255, 255);\">The Nazi Hunters is the incredible, hitherto untold story of the most secret chapter in the SAS&#39;s history. Officially, the world&#39;s most elite special forces unit was dissolved at the end of the Second World War, and not reactivated until the 1950s. Among their last actions was a disastrous commando raid into occupied France in 1944, which ended in the capture, torture and execution of 31 soldiers. It can now be revealed that the SAS never was dissolved: it lived on, commanded personally by Churchill and hidden even from the British government. They were tasked with hunting through the ruins of the Reich for the SS commanders responsible for the murder of their comrades, including many who had escaped the failed justice of the Nuremberg trials. Along the way, they discovered before anyone else the full horror of Hitler&#39;s regime, and the growing threat from Stalin&#39;s Russia. Still studied by the SAS today and a central part of their founding myth, the story of the Nazi hunters is now told by bestselling author Damien Lewis.</span></p>\r\n');
INSERT INTO `book` VALUES ('20', 'The Silk Roads', '2016', '1', '1408839997', '1472974725', '<p>\r\n	<span style=\"font-family: latoregular; font-size: 13px; background-color: rgb(255, 255, 255);\">Many books have been written which claim to be &quot;A New History of the World&quot;. This one fully deserves the title...It is difficult, in a short review, to do justice to a book so ambitious, so detailed and so fascinating as this one -- Gerald DeGroot The Times A book that roves as widely as the geography it describes, encompassing worlds as far removed as those of Herodotus and Saddam Hussein, Hammurabi and Hitler...It is a tribute to Frankopan&#39;s scholarship and mastery of sources in multiple languages that he is as sure-footed on the ancient world as he is on the medieval and modern -- Justin Marozzi Sunday Times My book of the year: history on a grand scale, with a sweep of ambition that is rare ... A remarkable book on many levels, and one that anyone would have been proud to write: a proper historical epic of dazzling range, ambition and achievement -- William Dalrymple Observer The most illuminating book of the year ... A healthy antidote to Eurocentric accounts of history -- Books of the Year Times Literary Supplement Splendid ... tightly researched ... invigorating and profound with enough storytelling to excite the reader and enough fresh scholarship to satisfy the intellect...charismatic and essential -- Bettany Hughes Daily Telegraph A rare book that makes you question your assumptions about the world Wall Street Journal Dazzlingly good Evening Standard Based on astonishingly wide and deep reading and in all areas draws on the latest research... It is full of vivid and recondite details Independent Full of intriguing insights and fascinating details Observer With extraordinary erudition and a vivid style, he takes us on a dazzling tour of these parts from the rise of the first empires right through to the present Open (Weekly) Beautifully constructed, a terrific and exhilarating read and a new perspective on world history -- Averil Cameron History Today As well-written, entertaining, disturbing and exciting as a detective story Svenska Dagbladet A dazzling piece of historical writing South China Morning Post This book lives up to its claim to be a new history of the world because of its geopolitical paradigm shift ... He is a Herodotus of the twenty first century Irish Left Review Monumental...prodigious...astonishing. Frankopan is an exhilarating companion for the journey along the routes which conveyed silk, slaves, ideas, religion, and disease, and around which today may hang the destiny of the world Vanity Fair An exceptional storyteller ... Frankopan does a superb job of explaining the history that has led to this modern era of new Silk Roads running across &quot;the spine of Asia.&quot;... Frankopan&#39;s book will be indispensable to anyone who wants to make sense of this union of past and present Dallas Morning News</span></p>\r\n');
INSERT INTO `book` VALUES ('21', 'The Zookeeper\'s Wife', '2013', '1', '0755365038', '1472974987', '<p>\r\n	<span style=\"font-family: latoregular; font-size: 13px; background-color: rgb(255, 255, 255);\">When Germany invades Poland, Luftwaffe bombers devastate Warsaw and the city&#39;s zoo along with it. With most of their animals killed, or stolen away to Berlin, zookeepers Jan and Antonina Zabinski begin smuggling Jews into the empty cages. As the war escalates Jan becomes increasingly involved in the anti-Nazi resistance. Ammunition is buried in the elephant enclosure and explosives stored in the animal hospital. Plans are prepared for what will become the Warsaw uprising. Through the ever-present fear of discovery, Antonina must keep her unusual household afloat, caring for both its human and animal inhabitants - otters, a badger, hyena pups, lynxes - as Europe crumbles around them. Written with the narrative drive and emotional punch of a novel, The Zookeeper&#39;s Wife is a remarkable true story. It shows us the human and personal impact of war - of life in the Warsaw Ghetto, of fighting in the anti-Nazi resistance. But more than anything it is a story of decency and sacrifice triumphing over terror and oppression. Jan and Antonina saved over 300 people from the death camps of the Holocaust. It has already been acclaimed by Jonathan Safran Foer: &#39;I can&#39;t imagine a better story or storyteller. The Zookeeper&#39;s Wife will touch every nerve you have.&#39;</span></p>\r\n');
INSERT INTO `book` VALUES ('22', 'Born Survivors', '2015', '1', '0751557412', '1472975222', '<p>\r\n	<span style=\"font-family: latoregular; font-size: 13px; background-color: rgb(255, 255, 255);\">Among millions of Holocaust victims sent to Auschwitz II-Birkenau in 1944, Priska, Rachel, and Anka each passed through its infamous gates with a secret. Strangers to each other, they were newly pregnant, and facing an uncertain fate without their husbands. Alone, scared, and with so many loved ones already lost to the Nazis, these young women were privately determined to hold on to all they had left: their lives, and those of their unborn babies. That the gas chambers ran out of Zyklon-B just after the babies were born, before they and their mothers could be exterminated, is just one of several miracles that allowed them all to survive and rebuild their lives after World War II. Born Survivors follows the mothers&#39; incredible journey - first to Auschwitz, where they each came under the murderous scrutiny of Dr. Josef Mengele; then to a German slave labour camp where, half-starved and almost worked to death, they struggled to conceal their condition; and finally, as the Allies closed in, their hellish 17-day train journey with thousands of other prisoners to the Mauthausen death camp in Austria. Hundreds died along the way but the courage and kindness of strangers, including guards and civilians, helped save these women and their children. Sixty-five years later, the three &#39;miracle babies&#39; met for the first time at Mauthausen for the anniversary of the liberation that ultimately saved them. United by their remarkable experiences of survival against all odds, they now consider each other &quot;siblings of the heart.&quot; In Born Survivors, Wendy Holden brings all three stories together for the first time to mark their seventieth birthdays and the seventieth anniversary of the ending of the war. A heart-stopping account of how three mothers and their newborns fought to survive the Holocaust, Born Survivors is also a life-affirming celebration of our capacity to care and to love amid inconceivable cruelty.</span></p>\r\n');
INSERT INTO `book` VALUES ('23', 'Modern PHP', '2015', '1', '1491905018', '1472975532', '<p>\r\n	<span style=\"font-family: latoregular; font-size: 13px; background-color: rgb(255, 255, 255);\">PHP is experiencing a renaissance, though it may be difficult to tell with all of the outdated PHP tutorials online. With this practical guide, you&#39;ll learn how PHP has become a full-featured, mature language with object-orientation, namespaces, and a growing collection of reusable component libraries. Author Josh Lockhart-creator of PHP The Right Way, a popular initiative to encourage PHP best practices-reveals these new language features in action. You&#39;ll learn best practices for application architecture and planning, databases, security, testing, debugging, and deployment. If you have a basic understanding of PHP and want to bolster your skills, this is your book. Learn modern PHP features, such as namespaces, traits, generators, and closures Discover how to find, use, and create PHP components Follow best practices for application security, working with databases, errors and exceptions, and more Learn tools and techniques for deploying, tuning, testing, and profiling your PHP applications Explore Facebook&#39;s HVVM and Hack language implementations-and how they affect modern PHP Build a local development environment that closely matches your production server</span></p>\r\n');
INSERT INTO `book` VALUES ('24', 'C++', '2015', '1', '1519365950', '1472975793', '<p>\r\n	<span style=\"font-family: latoregular; font-size: 13px; background-color: rgb(255, 255, 255);\">C++ Sale price. You will save 66% with this offer. Please hurry up! Beginners Guide to Learn C++ Programming Fast and Hacking for Dummies (c plus plus, C++ for beginners, programming computer, hacking, how to hack, hacking exposed) C++ The Ultimate Guide to Learn C Programming (c plus plus, C++ for beginners, programming computer, how to program) The evolution that we have seen in technology in the last 10 years, has seen nearly everything that we interact with on a daily basis be controlled by a computer. As we know, all computers operate using a programming language most commonly referred to as C++. To many, C++ looks like a type of language that they will never be able to understand. However, learning C++ is much easier than you would think. Every process, large or small, are a series of smaller steps which achieve the end result. When you break down the computer programming language into smaller steps, you will quickly be able to come to terms with what everything means in no time at all. Through this book, you will learn the basics that every beginner wanting to learn about C++ should know. Here is a preview of what you&#39;ll learn: How to make our very first C++ program in less than 10 minutes. What software can we use to write C++ code. How to expand our program using variables. Different types of operators. How to make programs that loop. Solving simple problems using conditions and pointers. Hacking for Dummies A Beginner&#39;s Guide to Computer Hacking Technological advancement and progression is enhancing by leaps and bounds. Every new day turns out to be a milestone for something more sophisticated and advanced. As the involvement of information technology and soft infrastructure enhances in the modern day, there has been a number of issues which need a clear and accurate attention. Hacking is one such issue. In this book I have discussed the hacker&#39;s domain in a common man&#39;s language. Starting from the most basic level is significant in achieving a greater level of success. So as hacking is prevalent and common nowadays, so everyone should have knowledge about it. Even though hacking pertains to a vast area of knowledge and issues, the major topics which will be presented in a detailed and elaborate way include the following: A preliminary account of hacking, as a regime of information technology knowledge and its connections and areas of concern which need to be discussed and explored. The basic activities which hackers perform. A step-by-step discussion of activities which are followed by hackers during any hacking venture. An account of the hacking practices which enable the attack over emails and the Windows operating system. The different types of hacking attacks which can target web servers. Download your copy of &quot;C++ &quot; by scrolling up and clicking &quot;Buy Now With 1-Click&quot; button. Tags: C Programming, C++programming, C++ programming language, HTML, C++, c plus plus, PHP, Java, C++ Programming for Beginners, c primer plus, C Programming for Beginners, C++, Programming for beginners, computer programming, programming computer, ultimate guide, programming for beginners, software development, software programs, how to program, browsers, computer language, computer basics, computing essentials, computer guide, computers books, internet browsing, hacking, how to hack, hacking exposed, hacking system, hacking 101, hacking for dummies, Hacking Guide, Hacking Essentials, Computer Bugs, Security Breach, internet skills, hacking techniques, Hacking, hacking for dummies, hacking books, hacking guide, how to hack, hacking free guide.</span></p>\r\n');
INSERT INTO `book` VALUES ('25', 'Java', '2016', '1', '1523359196', '1472975996', '<p>\r\n	<span style=\"font-family: latoregular; font-size: 13px; background-color: rgb(255, 255, 255);\">Java Sale price. You will save 66% with this offer. Please hurry up! The Ultimate Guide to Learn Java and Python Programming (java for beginners, java for dummies, java apps, how to program, python, computer programming) Java The Ultimate Guide to Learn Java Programming Fast (Java for Beginners, Java for dummies, how to program, java apps, java programming) Java is parallel to the C# programming language. However, Java can be considered as an object-oriented language and it also features enormous learning curves and potentials for beginners. The aim of this book is to help complete beginners in getting comfortable with the Java programming language. The Complete Guide on Java - 2015 Edition will discuss the vital topics of the Java language. These topics will serve as the stepping stone of any beginners which will pave their way into the wide realm of Java. As per the statement of the company behind the programming language, there are more than nine million Java developers around the globe as of the writing of this book. This book will cover the following topics: Programming Structure of the Java Language Introduction to Object-Oriented Programming Key Concepts of Object-Oriented ProgrammingDeclaration and Management of VariablesData Types Integrating Other Classes Access ModifiersCloser Look on Objects and Classes Python Learn Python FAST - The Ultimate Crash Course to Learning the Basics of the Python Programming Language In No Time Have you heard of the programming language Python? Would you like to learn more about this English-based programming language so that you can write programs that work? Then you want to scroll up and grab a copy of this eBook! Programming in Python is actually very simple when it comes down to it. In fact, that was the main point of coming up with this programming language back in the 1980&#39;s. The developer who founded this language wanted to create one that just about anyone could use and understand, and they succeeded! Python is a simple programming language that uses the English language and a rigid system of organizing code to help developers write code just about anyone can understand. In this book, you&#39;ll learn the basics about: Setting up PythonVariablesInterpreterImportance of CommentsPython DocstringsKeywords in PythonBooleans, True or False in PythonPython OperatorsUsing Math in PythonException Handling in PythonStrings Built-In MethodsListsHow To Use Dictionaries In PythonAnd much more! Download your copy of Java&quot; by scrolling up and clicking &quot;Buy Now With 1-Click&quot; button. Tags: Java, Java Programming, Learn Java, java for dummies, java app, computer programming, computer tricks, step by step, programming for beginners, data analysis, beginner&#39;s guide, crash course, database programming, java for dummies, coding, java basics, basic programming, crash course, programming principles, programming computer, ultimate guide, programming for beginners, software development, programming software, software programs, how to program, computer language, computer basics, computing essentials, computer guide, computers books, how to program, Python, How to Install Python Programming, Variables and Types, Lists, String Formatting, Conditions, Loops, Functions, Classes and Objects, Generators, Regular Expressions, Comprehension lists, Functions of multiple arguments, Exception Handling, Sets, Serialization, Partial functions, Code introspection, Python Tutorial, Python course, Python book, Python language, Python tutorials, Python programming language, Python programming for beginners</span></p>\r\n');
INSERT INTO `book` VALUES ('26', 'The Best of Archie Comics', '2014', '1', '1936975882', '1472976266', '<p>\r\n	<span style=\"font-family: latoregular; font-size: 13px; background-color: rgb(255, 255, 255);\">In the tradition of the smash hit Best of Archie Comics series comes another great full-colour GBP7.99 volume jam-packed with over 400 pages of the funniest and most iconic stories of the past 70 years featuring Archie&#39;s girlfriends Betty and Veronica, hand-selected by Archie creators, editors, fans and historians from 200,000 pages of material. A must-have edition for anyone who has ever enjoyed the Betty and Veronica comics as well as a great introduction to the history of Archie and the girls!</span></p>\r\n');
INSERT INTO `book` VALUES ('27', 'Civil War', '2016', '1', '0785195637', '1472976447', '<p>\r\n	<span style=\"font-family: latoregular; font-size: 13px; background-color: rgb(255, 255, 255);\">Captain America has fallen into a clash with his government and his friends, and the people close to him are paying the price. Sharon Carter&#39;s life is torn apart as her superiors use her divided loyalties against her. The Winter Soldier comes face-to-face with Cap, but which side will he choose? Then, get inside Tony Stark&#39;s mind, and learn why he feels that only he can lead the charge for superhuman registration! Collecting: Captain America 22-24, Winter Soldier: Winter Kills, Iron Man 13-14, Iron Man/Captain America: Casualties of War, Civil War: The Confession</span></p>\r\n');
INSERT INTO `book` VALUES ('28', 'Cyberpunk Trashcan', '2016', '1', '153686336X', '1472976605', '<p>\r\n	<span style=\"font-family: latoregular; font-size: 13px; background-color: rgb(255, 255, 255);\">A (possibly upsetting) cyberpunk adventure comedy. You know how there&#39;s those girls that you know but don&#39;t really know? Marine&#39;s one of those girls. In a stroke of what some people would call amazing luck, a massive corporation stole something from her workshop while she was sleeping. Our protagonist, being the upstanding (and not shiftless, anti-social pervert) citizen that he is, offers to help. And so he does.</span></p>\r\n');
INSERT INTO `book` VALUES ('29', 'Only Beloved', '2016', '1', '0451477782', '1472976888', '<p>\r\n	<span style=\"font-family: latoregular; font-size: 13px; background-color: rgb(255, 255, 255);\">From the legendary &quot;New York Times&quot; bestselling author of &quot;Only a Kiss &quot;and &quot;Only a Promise&quot; comes the final book in the rapturous Survivor s Club series as the future of one man lies within the heart of a lost but never-forgotten love... For the first time since the death of his wife, the Duke of Stanbrook is considering remarrying and finally embracing happiness for himself. With that thought comes the treasured image of a woman he met briefly a year ago and never saw again. Dora Debbins relinquished all hope to marry when a family scandal left her in charge of her younger sister. Earning a modest living as a music teacher, she s left with only an unfulfilled dream. Then one afternoon, an unexpected visitor makes it come true. For both George and Dora that brief first encounter was as fleeting as it was unforgettable. Now is the time for a second chance. And while even true love comes with a risk, who are two dreamers to argue with destiny?&quot;</span></p>\r\n');
INSERT INTO `book` VALUES ('30', 'Runaway Vampire', '2016', '1', '0062316044', '1472977129', '<p>\r\n	<span style=\"font-family: latoregular; font-size: 13px; background-color: rgb(255, 255, 255);\">Buckle up the argeneaus are back in a sexy, witty new novel from New York Times bestselling author Lynsay SandsDante Notte has heard it said that love hurts. He just wasn t expecting it to run him over in an RV. Still, a punctured lung and broken ribs are nothing compared to the full-body shock he feels whenever he s near the vehicle s driver, Mary Winslow. He needs to keep her safe from their pursuers while he rescues his brother. Most challenging of all, he needs to claim this smart, stubborn woman as his life mate.The naked, injured, insanely gorgeous younger man who clambered into her RV insists they belong together. If Mary wasn t feeling their incredible connection in every inch of her being, she wouldn t believe it. But now that the men who took Dante s twin are after her too, trusting her gut means risking her life for an immortal who s the very definition of a perfect stranger.&quot;</span></p>\r\n');
INSERT INTO `book` VALUES ('31', 'Runaway Vampire', '2016', '1', '0062316043', '1472977430', '<p>\r\n	<span style=\"font-family: latoregular; font-size: 13px; background-color: rgb(255, 255, 255);\">Buckle up the argeneaus are back in a sexy, witty new novel from New York Times bestselling author Lynsay SandsDante Notte has heard it said that love hurts. He just wasn t expecting it to run him over in an RV. Still, a punctured lung and broken ribs are nothing compared to the full-body shock he feels whenever he s near the vehicle s driver, Mary Winslow. He needs to keep her safe from their pursuers while he rescues his brother. Most challenging of all, he needs to claim this smart, stubborn woman as his life mate.The naked, injured, insanely gorgeous younger man who clambered into her RV insists they belong together. If Mary wasn t feeling their incredible connection in every inch of her being, she wouldn t believe it. But now that the men who took Dante s twin are after her too, trusting her gut means risking her life for an immortal who s the very definition of a perfect stranger.&quot;</span></p>\r\n');
INSERT INTO `book` VALUES ('32', 'Year of Wonders', '2002', '1', '184115458X', '1472977742', '<p>\r\n	<span style=\"font-family: latoregular; font-size: 13px; background-color: rgb(255, 255, 255);\">From the Pulitzer Prize-winning author of &#39;March&#39; and &#39;People of the Book&#39;. A young woman&#39;s struggle to save her family and her soul during the extraordinary year of 1666, when plague suddenly struck a small Derbyshire village. In 1666, plague swept through London, driving the King and his court to Oxford, and Samuel Pepys to Greenwich, in an attempt to escape contagion. The north of England remained untouched until, in a small community of leadminers and hill farmers, a bolt of cloth arrived from the capital. The tailor who cut the cloth had no way of knowing that the damp fabric carried with it bubonic infection. So begins the Year of Wonders, in which a Pennine village of 350 souls confronts a scourge beyond remedy or understanding. Desperate, the villagers turn to sorcery, herb lore, and murderous witch-hunting. Then, led by a young and charismatic preacher, they elect to isolate themselves in a fatal quarantine. The story is told through the eyes of Anna Frith who, at only 18, must contend with the death of her family, the disintegration of her society, and the lure of a dangerous and illicit attraction. Geraldine Brooks&#39;s novel explores love and learning, fear and fanaticism, and the struggle of 17th century science and religion to deal with a seemingly diabolical pestilence. &#39;Year of Wonders&#39; is also an eloquent memorial to the real-life Derbyshire villagers who chose to suffer alone during England&#39;s last great plague.</span></p>\r\n');
INSERT INTO `book` VALUES ('33', 'Me Before You', '2016', '1', '0143130153', '1472977911', '<p>\r\n	<span style=\"font-family: latoregular; font-size: 13px; background-color: rgb(255, 255, 255);\">The #1&quot;New York Times&quot; bestseller, nowa major motion picture.Look out for Jojo s new book, &quot;Paris for One and Other Stories,&quot; coming October 18, 2016. They had nothing in common until love gave them everything to lose . . . Louisa Clark is an ordinary girl living an exceedingly ordinary life steady boyfriend, close family who has barely been farther afield than their tiny village. She takes a badly needed job working for ex Master of the Universe Will Traynor, who is wheelchair bound after an accident. Will has always lived a huge life big deals, extreme sports, worldwide travel and now he s pretty sure he cannot live the way he is. Will is acerbic, moody, bossy but Lou refuses to treat him with kid gloves, and soon his happiness means more to her than she expected. When she learns that Will has shocking plans of his own, she sets out to show him that life is still worth living. &quot;A Love Story&quot; for this generationand perfect for fans of John Green s &quot;The Fault in Our Stars,&quot; &quot;Me Before You&quot; brings to life two people who couldn t have less in common a heartbreakingly romantic novel that asks, &quot;What do you do when making the person you love happy also means breaking your own heart?&quot; &quot;From the Trade Paperback edition.&quot;&quot;</span></p>\r\n');
INSERT INTO `book` VALUES ('34', 'Our Souls at Night', '2016', '1', '144729937X', '1472978094', '<p>\r\n	<span style=\"font-family: latoregular; font-size: 13px; background-color: rgb(255, 255, 255);\">&#39;Absolutely beautiful&#39; The Times &#39;Luminous&#39; Ursula K Le Guin, Guardian &#39;I loved Our Souls at Night&#39; David Nicholls This is a love story. A story about growing old with grace. Addie Moore and Louis Waters have been neighbours for years. Now they both live alone, their houses empty of family, their quiet nights solitary. Then one evening Addie pays Louis a visit. Their brave adventures form the beating heart of Our Souls at Night, Kent Haruf&#39;s exquisite final novel.</span></p>\r\n');
INSERT INTO `book` VALUES ('35', 'I Think, Therefore I am', '2013', '1', '1782430245', '1472978215', '<p>\r\n	<span style=\"font-family: latoregular; font-size: 13px; background-color: rgb(255, 255, 255);\">Philosophers certainly like to make life sound awfully complicated, whether they&#39;re wondering if a falling tree still makes a sound if there&#39;s nobody around to hear it (Berkeley) or declaring that everything in the universe is in a state of flux (Heraclitus). But is philosophy really so complicated? And is it really as irrelevant as it sometimes seems? I Think, Therefore I Am is the ideal way to take the fear out of philosophy. Written in an accessible and highly entertaining style, this book explains how and why philosophy began, and how, from Greek democracy to Communism, the ways in which we live, learn, argue, vote and even spend our money have their origins in philosophical thought. Covering the biggest names, including Socrates, Seneca, St Augustine, Descartes, Marx and Nietzsche, I Think Therefore I Am provides a handle for all the main -isms and -ologies.</span></p>\r\n');
INSERT INTO `book` VALUES ('36', 'The Lady in the Van', '2015', '1', '1781255407', '1472978405', '<p>\r\n	<span style=\"font-family: latoregular; font-size: 13px; background-color: rgb(255, 255, 255);\">In 1974, the homeless Miss Shepherd moved her broken down van into Alan Bennett&#39;s garden. Deeply eccentric and stubborn to her bones, Miss Shepherd was not an easy tenant. And Bennett, despite inviting her in the first place, was a reluctant landlord. And yet she lived there for fifteen years. This account of those years was first published in 1989 in the London Review of Books. The play premiered in 1999, directed by Nicholas Hytner and starring Dame Maggie Smith, who reprise their roles in this new film adaptation. Shot on location at Bennett&#39;s house, Alex Jennings plays the author, alongside household names including Frances de la Tour, Jim Broadbent and Dominic Cooper.</span></p>\r\n');
INSERT INTO `book` VALUES ('37', 'The Bumper Book of Very Silly Jokes', '2013', '1', '1447226135', '1472978623', '<p>\r\n	<span style=\"font-family: latoregular; font-size: 13px; background-color: rgb(255, 255, 255);\">Hundreds of silly jokes on every topic you can think of! What&#39;s the difference between an elephant and a biscuit? You can&#39;t dunk an elephant in your tea. Why did the monster get good marks in his exam? Because two heads are one. What do you call a woman with a tortoise on her head? Shelley.</span></p>\r\n');
INSERT INTO `book` VALUES ('38', 'Mindset', '2008', '1', '0345472322', '1472978789', '<p>\r\n	<span style=\"border: 0px; margin: 0px; outline: 0px; padding: 0px; vertical-align: baseline; font-family: latobold; font-size: 13px; background-color: rgb(255, 255, 255);\">World-renowned Stanford University psychologist Carol Dweck, in decades of research on achievement and success, has discovered a truly groundbreaking idea the power of our mindset.</span><span style=\"font-family: latoregular; font-size: 13px; background-color: rgb(255, 255, 255);\">&nbsp;Dweck explains why it s not just our abilities and talent that bring us success but whether we approach them with a fixed or growth mindset. She makes clear why praising intelligence and ability doesn t foster self-esteem and lead to accomplishment, but may actually jeopardize success. With the right mindset, we can motivate our kids and help them to raise their grades, as well as reach our own goals personal and professional. Dweck reveals what all great parents, teachers, CEOs, and athletes already know: how a simple idea about the brain can create a love of learning and a resilience that is the basis of great accomplishment in every area.&nbsp;</span><span style=\"border: 0px; margin: 0px; outline: 0px; padding: 0px; vertical-align: baseline; font-family: latobold; font-size: 13px; background-color: rgb(255, 255, 255);\">Praise for&nbsp;<i style=\"border: 0px; margin: 0px; outline: 0px; padding: 0px; vertical-align: baseline;\">Mindset</i></span><span style=\"font-family: latoregular; font-size: 13px; background-color: rgb(255, 255, 255);\">Everyone should read this book.&nbsp;</span><span style=\"border: 0px; margin: 0px; outline: 0px; padding: 0px; vertical-align: baseline; font-family: latobold; font-size: 13px; background-color: rgb(255, 255, 255);\">Chip and Dan Heath, authors of&nbsp;<i style=\"border: 0px; margin: 0px; outline: 0px; padding: 0px; vertical-align: baseline;\">Switch</i>&nbsp;and&nbsp;<i style=\"border: 0px; margin: 0px; outline: 0px; padding: 0px; vertical-align: baseline;\">Made to Stick</i></span><span style=\"font-family: latoregular; font-size: 13px; background-color: rgb(255, 255, 255);\">&nbsp;Will prove to be one of the most influential books ever about motivation.&nbsp;</span><span style=\"border: 0px; margin: 0px; outline: 0px; padding: 0px; vertical-align: baseline; font-family: latobold; font-size: 13px; background-color: rgb(255, 255, 255);\">Po Bronson, author of&nbsp;<i style=\"border: 0px; margin: 0px; outline: 0px; padding: 0px; vertical-align: baseline;\">NurtureShock</i></span><span style=\"font-family: latoregular; font-size: 13px; background-color: rgb(255, 255, 255);\">&nbsp;A good book is one whose advice you believe. A great book is one whose advice you follow. I have found Carol Dweck s work on mindsets invaluable in my own life, and even life-changing in my attitudes toward the challenges that, over the years, become more demanding rather than less. This is a book that can change your life, as its ideas have changed mine.&nbsp;</span><span style=\"border: 0px; margin: 0px; outline: 0px; padding: 0px; vertical-align: baseline; font-family: latobold; font-size: 13px; background-color: rgb(255, 255, 255);\">Robert J. Sternberg, IBM Professor of Education and Psychology at Yale University, director of the PACE Center of Yale University, and author of&nbsp;<i style=\"border: 0px; margin: 0px; outline: 0px; padding: 0px; vertical-align: baseline;\">Successful Intelligence</i></span><span style=\"font-family: latoregular; font-size: 13px; background-color: rgb(255, 255, 255);\">&nbsp;If you manage any people or if you are a parent (which is a form of managing people), drop everything and read&nbsp;</span><i style=\"border: 0px; margin: 0px; outline: 0px; padding: 0px; vertical-align: baseline; font-family: latoregular; font-size: 13px; background-color: rgb(255, 255, 255);\">Mindset</i><span style=\"font-family: latoregular; font-size: 13px; background-color: rgb(255, 255, 255);\">.&nbsp;</span><span style=\"border: 0px; margin: 0px; outline: 0px; padding: 0px; vertical-align: baseline; font-family: latobold; font-size: 13px; background-color: rgb(255, 255, 255);\">Guy Kawasaki, author of&nbsp;<i style=\"border: 0px; margin: 0px; outline: 0px; padding: 0px; vertical-align: baseline;\">The Art of the Start&nbsp;</i>and the blog How to Change the World</span><span style=\"font-family: latoregular; font-size: 13px; background-color: rgb(255, 255, 255);\">&nbsp;Highly recommended . . . an essential read for parents, teachers [and] coaches . . . as well as for those who would like to increase their own feelings of success and fulfillment.&nbsp;</span><span style=\"border: 0px; margin: 0px; outline: 0px; padding: 0px; vertical-align: baseline; font-family: latobold; font-size: 13px; background-color: rgb(255, 255, 255);\"><i style=\"border: 0px; margin: 0px; outline: 0px; padding: 0px; vertical-align: baseline;\">Library Journal&nbsp;</i>(starred review)</span><span style=\"font-family: latoregular; font-size: 13px; background-color: rgb(255, 255, 255);\">&nbsp;A serious, practical book. Dweck s overall assertion that rigid thinking benefits no one, least of all yourself, and that a change of mind is always possible, is welcome.&nbsp;</span><span style=\"border: 0px; margin: 0px; outline: 0px; padding: 0px; vertical-align: baseline; font-family: latobold; font-size: 13px; background-color: rgb(255, 255, 255);\"><i style=\"border: 0px; margin: 0px; outline: 0px; padding: 0px; vertical-align: baseline;\">Publishers Weekly</i></span><span style=\"font-family: latoregular; font-size: 13px; background-color: rgb(255, 255, 255);\">&nbsp;A wonderfully elegant idea . . . It is a great book.&nbsp;</span><span style=\"border: 0px; margin: 0px; outline: 0px; padding: 0px; vertical-align: baseline; font-family: latobold; font-size: 13px; background-color: rgb(255, 255, 255);\">Edward M. Hallowell, M.D., author of&nbsp;<i style=\"border: 0px; margin: 0px; outline: 0px; padding: 0px; vertical-align: baseline;\">Delivered from Distraction</i></span><span style=\"font-family: latoregular; font-size: 13px; background-color: rgb(255, 255, 255);\">&quot;</span></p>\r\n');
INSERT INTO `book` VALUES ('40', 'How To Draw Anything', '2010', '1', '0716022230', '1472979079', '<p>\r\n	<span style=\"font-family: latoregular; font-size: 13px; background-color: rgb(255, 255, 255);\">If you can write your name, you have enough touch to learn to draw. Let Mark Linley inspire you to pick up your pencil and create a magical masterpiece. His positive approach secures quick, accurate results and ever-growing confidence. Learn to look properly and get the basic outlines correct; include the key features but simplify what you see; understand how shading (such as dot stipple or cross-hatching) can transform a sketch; get the eye level right and see how a grid helps with the composition. Whatever you want to draw - a beautiful holiday scene, a lifelike portrait of your family or favourite pet, or even a funny cartoon to illustrate a birthday card - Mark Linley shows, in this new edition of his bestselling book, everything you need to succeed.</span></p>\r\n');
INSERT INTO `book` VALUES ('41', 'Enciclopedia Musical', '2014', '1', '1463396481', '1472979231', '<p>\r\n	<span style=\"font-family: latoregular; font-size: 13px; background-color: rgb(255, 255, 255);\">La musica es una de las ramas de las bellas artes que tiene su base en el campo artistico. Tiene que ver directamente con la estetica, es decir, la estimacion de la belleza que existe en el ritmo, la melodia, la polifonia la armonia y todos los elementos esenciales de la musica. Por desgracia se ha olvidado en la vida contemporanea la esencia de la musica que es para la creacion de la personalidad y la belleza de la cultura en la historia de la humanidad. Dr. Adalberto Garcia de Mendoza</span></p>\r\n');
INSERT INTO `book` VALUES ('42', 'Bryson\'s Dictionary', '2009', '1', '0552773530', '1472979415', '<p>\r\n	<span style=\"font-family: latoregular; font-size: 13px; background-color: rgb(255, 255, 255);\">What is the difference between cant and jargon, or assume and presume? What is a fandango? What&#39;s the new name for Calcutta? How do you spell supersede? Boutros Boutros-Ghali? Is it hippy or hippie? These questions really matter to Bill Bryson, ever since his days as a rookie subeditor on The Times back in the 1970s: as they do to anyone who cares about the English language. Originally published as The Penguin Dictionary for Writers and Editors, Bryson&#39;s Dictionary for Writers and Editors has now been completely revised and updatedfor the twenty-first century by Bill Bryson himself. Here is a very personal selection of spellings and usages, covering such head-scratchers as capitalization, plurals, abbreviations and foreign names and phrases. Bryson also gives us the difference between British and American usages, and miscellaneous pieces of essential information you never knew you needed, like the names of all the Oxford colleges, or the correct spelling of Brobdingnag.An indispensable companion to all those who write, work with the written word, or who just enjoy getting things right, it gives rulings that are both authoritative and commonsense,all in Bryson&#39;s own inimitably goodhumoured way.</span></p>\r\n');
INSERT INTO `book` VALUES ('43', 'English Grammar in Use Book with Answers', '2012', '1', '0521189063', '1472979606', '<p>\r\n	<span style=\"font-family: latoregular; font-size: 13px; background-color: rgb(255, 255, 255);\">English Grammar in Use Fourth edition is an updated version of the world&#39;s best-selling grammar title. It has a fresh, appealing new design and clear layout, with revised and updated examples, but retains all the key features of clarity and accessibility that have made the book popular with millions of learners and teachers around the world. This &#39;with answers&#39; version is ideal for self-study. An online version, book without answers, and book with answers and CD-ROM are available separately.</span></p>\r\n');
INSERT INTO `book` VALUES ('44', 'Nemesis (FBI Thriller)', '2016', '1', '0515155683', '1472979857', '<p>\r\n	<span style=\"font-family: latoregular; font-size: 13px; background-color: rgb(255, 255, 255);\">Fans of Lee Child and Patrick Lee won t be disappointed * in this high-octane FBI Thriller featuring Dillon Savich and Lacey Sherlock from the # 1&quot; New York Times&quot; bestselling author. In New York, Special Agent Lacey Sherlock foils a terrorist attack at JFK airport, but stopping the grenade-carrying crazy was only the beginning. Another plot unfolds nearly simultaneously with a bomb at St. Patrick s Cathedral... Meanwhile, Savich with the help of Agent Griffin Hammersmith has his hands full trying to track an elusive murderer who is able to control those under his thrall. When an attempt on Savich s life collides with Sherlock s terrorist case, they must race against the clock, as more lives are in danger with every passing minute. *&quot;Library Journal&quot;&quot;</span></p>\r\n');
INSERT INTO `book` VALUES ('45', 'The Sea Detective', '2016', '1', '1405923563', '1472980088', '<p>\r\n	<span style=\"font-family: latoregular; font-size: 13px; background-color: rgb(255, 255, 255);\">The first mystery in a truly unique crime series. &quot;There comes a time when a novel raises the bar for a particular genre, and The Sea Detective does just that for Scottish crime fiction.&quot; (Scotsman). Cal McGill is an Edinburgh-based oceanographer, environmentalist and one-of-a-kind investigator. Using his knowledge of the waves - ocean currents, prevailing winds, shipping records - McGill can track where objects have come from, or where they&#39;ve gone. It&#39;s a unique skill that can help solve all sorts of mysteries. Such as when two severed feet wash up miles apart on two different islands off the coast of Scotland. Most strangely, forensic tests reveal that the feet belong to the same body. As Cal McGill investigates, he unravels a web of corruption, exploitation and violence, which threatens many lives across the globe - very soon including his own...Praise for The Sea Detective: &quot;Raises the bar for Scottish crime fiction...elegantly written and compelling.&quot; (The Scotsman). &quot;Excellent.&quot; (The Literary Review - top five crime books of the year). &quot;Promises to be a fine series of detective novels.&quot; (Sunday Times Crime Book of the Month). &quot;An unusual, interesting and enthralling read.&quot; (Shotsmag). &quot;A compelling protagonist.&quot; (The Times Literary Supplement).</span></p>\r\n');
INSERT INTO `book` VALUES ('46', 'The Cold Cold Ground', '2012', '1', '184668823X', '1472980246', '<p>\r\n	<span style=\"font-family: latoregular; font-size: 13px; background-color: rgb(255, 255, 255);\">Book 1 in the Detective Sean Duffy series. Two dead. One left in a car by the side of a road. He was meant to be found quickly. His killer is making a statement. The other is discovered hanging in a tree, deep in a forest. Surely a suicide: she&#39;d just given birth, but there&#39;s no sign of the baby. Nothing seems to link the two, but Detective Sergeant Sean Duffy knows the links that seem to be invisible are just waiting to be uncovered. And as a policeman who has solved six murders so far in his career, but not yet brought a single case to court, Duffy is determined that this time, someone will pay.</span></p>\r\n');
INSERT INTO `book` VALUES ('47', 'Wild', '2013', '1', '1782390626', '1472980415', '<p>\r\n	<span style=\"font-family: latoregular; font-size: 13px; background-color: rgb(255, 255, 255);\">At twenty-six, Cheryl Strayed thought she had lost everything. In the wake of her mother&#39;s rapid death from cancer, her family disbanded and her marriage crumbled. With nothing to lose, she made the most impulsive decision of her life: to walk eleven-hundred miles of the west coast of America - from the Mojave Desert, through California and Oregon, and into Washington state - and to do it alone. She had no experience of long-distance hiking and the journey was nothing more than a line on a map. But it held a promise - a promise of piecing together a life that lay in ruins at her feet. Strayed&#39;s account captures the agonies - both mental and physical - of her incredible journey; how it maddened and terrified her, and how, ultimately, it healed her. Wild is a brutal memoir of survival, grief and redemption: a searing portrayal of life at its lowest ebb and at its highest tide.</span></p>\r\n');
INSERT INTO `book` VALUES ('48', 'A Knight of the Seven Kingdoms', '2015', '1', '0007507674', '1472980642', '<p>\r\n	<span style=\"font-family: latoregular; font-size: 13px; background-color: rgb(255, 255, 255);\">A century before A GAME OF THRONES, two unlikely heroes wandered Westeros...A KNIGHT OF THE SEVEN KINGDOMS compiles the first three official prequel novellas to George R.R. Martin&#39;s ongoing masterwork, A SONG OF ICE AND FIRE. Before Tyrion Lannister and Podrick Payne there was Dunk and Egg. A young, naive but courageous hedge knight, Ser Duncan the Tall towers above his rivals - in stature if not experience. Tagging along with him is his diminutive squire, a boy called Egg - whose true identity must be hidden from all he and Dunk encounter: for in reality he is Aegon Targaryen, and one day he will be king. Improbable heroes though they be, great destinies lie ahead for Dunk and Egg; as do powerful foes, royal intrigue, and outrageous exploits. A KNIGHT OF THE SEVEN KINGDOMS brings together for the first time the first three official prequel novellas to George R.R. Martin&#39;s ongoing masterwork, A SONG OF ICE AND FIRE, set in an age when the Targaryen line still holds the Iron Throne, and the memory of the last dragon has not yet passed from living memory. Featuring more than 160 illustrations by Gary Gianni, one of the finest fantasy artists of our time, this beautiful volume will transport readers to the world of the Seven Kingdoms in an age of bygone chivalry.</span></p>\r\n');
INSERT INTO `book` VALUES ('49', 'Above the Line', '2016', '1', '1501136410', '1472980830', '<p>\r\n	<span style=\"font-family: latoregular; font-size: 13px; background-color: rgb(255, 255, 255);\">A funny, fierce, imaginative memoir chronicling New York Times bestselling author and Academy Award winner Shirley MacLaine&#39;s remarkable experiences filming Wild Oats in the Canary Islands and the extraordinary memories her time there brought forth of a past life on the lost continent of Atlantis. Her agent told her not to get on the plane. The male leads weren&#39;t even cast. The financing was shaky at best. The script had been re-written countless times. And yet something about Wild Oats lured Shirley MacLaine to the film&#39;s location shoot in the far-off Canary Islands-and straight to the center of one of the most thrilling and paradigm-shifting adventures of her life. The making of the film reads like a screwball comedy, as the cast and crew face unpredictable daily obstacles with ingenuity, grit, and personal sacrifice. Yet the chaos leads Shirley to a revelatory new understanding of the demise of one of history&#39;s most elusive yet endlessly intriguing places. Scholars have long theorized that Spain&#39;s Canary Islands are the remnants of the mighty lost continent of Atlantis. As the movie set descends into pandemonium, Shirley finds fascinating corollaries between the island&#39;s cataclysmic fate and our own dangerous trajectory. Can we learn the lessons the citizens of Atlantis failed to comprehend? The answer is borne out of recovered memories from Shirley&#39;s past life on Atlantis and through a series of meditations that reveal the necessity of unfettered imagination when looking for bold new truths, rendering this evocative memoir essential reading for anyone seeking a broader understanding of what it means to be human-both where we came from and where we are going.</span></p>\r\n');
INSERT INTO `book` VALUES ('55', 'testTitle', '2016', '0', '123-456-123-448', '1473022563', '<p>\r\n	afafg asdf af asfa sa</p>\r\n');
INSERT INTO `book` VALUES ('57', 'testTitlete', '2001', '0', '123-456-78', '1473022542', '<p>\r\n	asfsagdfh asdgaadhadfh adhadfhad</p>\r\n');

-- ----------------------------
-- Table structure for `category`
-- ----------------------------
DROP TABLE IF EXISTS `category`;
CREATE TABLE `category` (
  `id` int(11) NOT NULL AUTO_INCREMENT,
  `name` varchar(255) NOT NULL,
  `parent_id` int(11) NOT NULL,
  PRIMARY KEY (`id`)
) ENGINE=InnoDB AUTO_INCREMENT=41 DEFAULT CHARSET=utf8;

-- ----------------------------
-- Records of category
-- ----------------------------
INSERT INTO `category` VALUES ('1', 'none', '0');
INSERT INTO `category` VALUES ('2', 'History', '1');
INSERT INTO `category` VALUES ('3', 'Programing', '1');
INSERT INTO `category` VALUES ('4', 'Fantastic', '1');
INSERT INTO `category` VALUES ('5', 'Novel', '1');
INSERT INTO `category` VALUES ('6', 'Humor', '1');
INSERT INTO `category` VALUES ('7', 'Poetry', '1');
INSERT INTO `category` VALUES ('8', 'Children\'s literature', '1');
INSERT INTO `category` VALUES ('9', 'Handbook', '1');
INSERT INTO `category` VALUES ('10', 'Detective', '1');
INSERT INTO `category` VALUES ('11', 'Adventure', '1');
INSERT INTO `category` VALUES ('12', 'Cyberpunk', '4');
INSERT INTO `category` VALUES ('13', 'Epic fantasy', '4');
INSERT INTO `category` VALUES ('14', 'Science fantasy', '4');
INSERT INTO `category` VALUES ('15', 'Historical novel', '5');
INSERT INTO `category` VALUES ('16', 'Erotica', '5');
INSERT INTO `category` VALUES ('17', 'Action-romance', '5');
INSERT INTO `category` VALUES ('18', 'C++', '3');
INSERT INTO `category` VALUES ('19', 'PHP/JS', '3');
INSERT INTO `category` VALUES ('20', 'JAVA', '3');
INSERT INTO `category` VALUES ('21', 'Joke', '6');
INSERT INTO `category` VALUES ('22', 'Humorous prose', '6');
INSERT INTO `category` VALUES ('23', 'Humorous poems', '6');
INSERT INTO `category` VALUES ('24', 'Fairy tales', '8');
INSERT INTO `category` VALUES ('25', 'Educational literature', '8');
INSERT INTO `category` VALUES ('26', 'Children\'s adventures', '8');
INSERT INTO `category` VALUES ('27', 'Thriller', '10');
INSERT INTO `category` VALUES ('28', 'Crime detective', '10');
INSERT INTO `category` VALUES ('29', 'Spy detective', '10');
INSERT INTO `category` VALUES ('30', 'Dramaturgy', '7');
INSERT INTO `category` VALUES ('31', 'Encyclopedia', '9');
INSERT INTO `category` VALUES ('32', 'Dictionary', '9');
INSERT INTO `category` VALUES ('33', 'References', '9');
INSERT INTO `category` VALUES ('34', 'Western', '11');
INSERT INTO `category` VALUES ('35', 'Travels', '11');
INSERT INTO `category` VALUES ('36', 'Sea adventures', '11');
INSERT INTO `category` VALUES ('37', 'World War 2', '2');
INSERT INTO `category` VALUES ('38', 'Pre-historical', '2');
INSERT INTO `category` VALUES ('39', 'Modern', '2');
INSERT INTO `category` VALUES ('40', 'African', '2');

-- ----------------------------
-- Table structure for `item_picture`
-- ----------------------------
DROP TABLE IF EXISTS `item_picture`;
CREATE TABLE `item_picture` (
  `id` int(11) NOT NULL AUTO_INCREMENT,
  `table` varchar(255) NOT NULL,
  `item_id` int(11) NOT NULL,
  `picture_id` int(11) NOT NULL,
  PRIMARY KEY (`id`),
  KEY `item_id` (`item_id`),
  KEY `picture_id` (`picture_id`),
  CONSTRAINT `item_picture_ibfk_4` FOREIGN KEY (`picture_id`) REFERENCES `picture` (`id`)
) ENGINE=InnoDB AUTO_INCREMENT=120 DEFAULT CHARSET=utf8;

-- ----------------------------
-- Records of item_picture
-- ----------------------------
INSERT INTO `item_picture` VALUES ('57', 'publisher', '1', '92');
INSERT INTO `item_picture` VALUES ('58', 'publisher', '1', '93');
INSERT INTO `item_picture` VALUES ('59', 'publisher', '8', '94');
INSERT INTO `item_picture` VALUES ('60', 'publisher', '8', '95');
INSERT INTO `item_picture` VALUES ('61', 'publisher', '2', '96');
INSERT INTO `item_picture` VALUES ('62', 'publisher', '2', '97');
INSERT INTO `item_picture` VALUES ('63', 'publisher', '3', '98');
INSERT INTO `item_picture` VALUES ('64', 'publisher', '3', '99');
INSERT INTO `item_picture` VALUES ('65', 'publisher', '4', '100');
INSERT INTO `item_picture` VALUES ('66', 'publisher', '4', '101');
INSERT INTO `item_picture` VALUES ('67', 'publisher', '5', '102');
INSERT INTO `item_picture` VALUES ('68', 'publisher', '5', '103');
INSERT INTO `item_picture` VALUES ('69', 'publisher', '7', '104');
INSERT INTO `item_picture` VALUES ('70', 'publisher', '7', '105');
INSERT INTO `item_picture` VALUES ('71', 'publisher', '9', '106');
INSERT INTO `item_picture` VALUES ('72', 'publisher', '9', '107');
INSERT INTO `item_picture` VALUES ('73', 'publisher', '10', '108');
INSERT INTO `item_picture` VALUES ('74', 'publisher', '10', '109');
INSERT INTO `item_picture` VALUES ('75', 'publisher', '11', '110');
INSERT INTO `item_picture` VALUES ('76', 'publisher', '11', '111');
INSERT INTO `item_picture` VALUES ('77', 'publisher', '12', '112');
INSERT INTO `item_picture` VALUES ('78', 'publisher', '12', '113');
INSERT INTO `item_picture` VALUES ('79', 'publisher', '13', '114');
INSERT INTO `item_picture` VALUES ('80', 'publisher', '13', '115');
INSERT INTO `item_picture` VALUES ('81', 'publisher', '14', '116');
INSERT INTO `item_picture` VALUES ('82', 'publisher', '14', '117');
INSERT INTO `item_picture` VALUES ('83', 'publisher', '15', '118');
INSERT INTO `item_picture` VALUES ('84', 'publisher', '15', '119');
INSERT INTO `item_picture` VALUES ('85', 'publisher', '16', '120');
INSERT INTO `item_picture` VALUES ('86', 'publisher', '16', '121');
INSERT INTO `item_picture` VALUES ('87', 'author', '1', '122');
INSERT INTO `item_picture` VALUES ('88', 'author', '1', '123');
INSERT INTO `item_picture` VALUES ('89', 'author', '2', '124');
INSERT INTO `item_picture` VALUES ('90', 'author', '2', '125');
INSERT INTO `item_picture` VALUES ('91', 'author', '3', '126');
INSERT INTO `item_picture` VALUES ('92', 'author', '3', '127');
INSERT INTO `item_picture` VALUES ('93', 'author', '4', '128');
INSERT INTO `item_picture` VALUES ('94', 'author', '4', '129');
INSERT INTO `item_picture` VALUES ('95', 'author', '5', '130');
INSERT INTO `item_picture` VALUES ('96', 'author', '5', '131');
INSERT INTO `item_picture` VALUES ('97', 'author', '6', '132');
INSERT INTO `item_picture` VALUES ('98', 'author', '6', '133');
INSERT INTO `item_picture` VALUES ('99', 'author', '7', '134');
INSERT INTO `item_picture` VALUES ('100', 'author', '7', '135');
INSERT INTO `item_picture` VALUES ('101', 'author', '8', '136');
INSERT INTO `item_picture` VALUES ('102', 'author', '8', '137');
INSERT INTO `item_picture` VALUES ('103', 'author', '9', '138');
INSERT INTO `item_picture` VALUES ('104', 'author', '9', '139');
INSERT INTO `item_picture` VALUES ('105', 'author', '10', '140');
INSERT INTO `item_picture` VALUES ('106', 'author', '10', '141');
INSERT INTO `item_picture` VALUES ('107', 'author', '11', '142');
INSERT INTO `item_picture` VALUES ('108', 'author', '11', '143');
INSERT INTO `item_picture` VALUES ('109', 'author', '12', '144');
INSERT INTO `item_picture` VALUES ('110', 'author', '12', '145');
INSERT INTO `item_picture` VALUES ('111', 'author', '13', '146');
INSERT INTO `item_picture` VALUES ('112', 'author', '13', '147');
INSERT INTO `item_picture` VALUES ('113', 'author', '14', '148');
INSERT INTO `item_picture` VALUES ('114', 'author', '14', '149');
INSERT INTO `item_picture` VALUES ('115', 'author', '25', '150');
INSERT INTO `item_picture` VALUES ('116', 'author', '25', '151');
INSERT INTO `item_picture` VALUES ('117', 'author', '26', '152');
INSERT INTO `item_picture` VALUES ('118', 'author', '26', '153');
INSERT INTO `item_picture` VALUES ('119', 'author', '27', '154');

-- ----------------------------
-- Table structure for `menu`
-- ----------------------------
DROP TABLE IF EXISTS `menu`;
CREATE TABLE `menu` (
  `id` int(11) NOT NULL AUTO_INCREMENT,
  `name` varchar(255) NOT NULL,
  `position` varchar(255) NOT NULL,
  PRIMARY KEY (`id`)
) ENGINE=InnoDB AUTO_INCREMENT=6 DEFAULT CHARSET=utf8;

-- ----------------------------
-- Records of menu
-- ----------------------------
INSERT INTO `menu` VALUES ('1', 'Category', 'left');
INSERT INTO `menu` VALUES ('2', 'Author', 'left');
INSERT INTO `menu` VALUES ('3', 'Publisher', 'left');
INSERT INTO `menu` VALUES ('4', 'Picture', 'left');
INSERT INTO `menu` VALUES ('5', 'Product item', 'left');

-- ----------------------------
-- Table structure for `picture`
-- ----------------------------
DROP TABLE IF EXISTS `picture`;
CREATE TABLE `picture` (
  `id` int(11) NOT NULL AUTO_INCREMENT,
  `path` varchar(255) NOT NULL,
  PRIMARY KEY (`id`)
) ENGINE=InnoDB AUTO_INCREMENT=230 DEFAULT CHARSET=utf8;

-- ----------------------------
-- Records of picture
-- ----------------------------
INSERT INTO `picture` VALUES ('10', 'images/storage/cd4cfdf047a7544a69bb678f0bffaf68.jpg');
INSERT INTO `picture` VALUES ('11', 'images/storage/e84cc4f789bb5f78b5d66c776addd917.jpg');
INSERT INTO `picture` VALUES ('14', 'images/storage/d6d15b628b9f37451b334417d34bd6c0.jpg');
INSERT INTO `picture` VALUES ('15', 'images/storage/a7c59097ced7ac5434b3f0c6e991c6fa.jpg');
INSERT INTO `picture` VALUES ('17', 'images/storage/1313836dd176c6901df8a85890c54929.jpg');
INSERT INTO `picture` VALUES ('18', 'images/storage/799ec7f0fdead5990161b5fae401f37e.jpg');
INSERT INTO `picture` VALUES ('19', 'images/storage/6c279123fe7a15fa6b56aa96b514753c.jpg');
INSERT INTO `picture` VALUES ('20', 'images/storage/482c1f56bc2c7b9d8ea862674dcf028c.jpg');
INSERT INTO `picture` VALUES ('22', 'images/storage/ebe291b1d695ba52d22a419f32d053c3.jpg');
INSERT INTO `picture` VALUES ('23', 'images/storage/14f9ceee4ff888897ff863d8aa040bd7.jpg');
INSERT INTO `picture` VALUES ('24', 'images/storage/877b2312042dff527ed0c322f1d15348.jpg');
INSERT INTO `picture` VALUES ('26', 'images/storage/a2efffe6e17a72dd3d66f4a0d5d20c60.jpg');
INSERT INTO `picture` VALUES ('27', 'images/storage/bf35c84d326710417949719b9498ddfd.jpg');
INSERT INTO `picture` VALUES ('65', '/images/storage/938c517077746e3b735e0b76c97a3832.PNG');
INSERT INTO `picture` VALUES ('66', '/images/storage/5ee50feb86095c9c30cef7fe740e5e49.jpg');
INSERT INTO `picture` VALUES ('68', '/images/storage/cc9666f646c4218389fe8723fa6f5561.R');
INSERT INTO `picture` VALUES ('69', '/images/storage/ffe89cb18ca5a90406daac5927280b4f.R');
INSERT INTO `picture` VALUES ('70', '/images/storage/c85ff5c694333de02d8618cdc3a1f0e3.jpg');
INSERT INTO `picture` VALUES ('71', '/images/storage/f9c48783ba4a4bf9cca6fa471642b201.jpg');
INSERT INTO `picture` VALUES ('72', '/images/storage/ddca57b08bb6f92bc9390339ba8115a8.jpg');
INSERT INTO `picture` VALUES ('79', '/images/storage/599633b46e95ea0cba0b5079d9c34cb2.jpg');
INSERT INTO `picture` VALUES ('80', '/images/storage/1a0ae7f8280dbf3e00953e108c971713.jpg');
INSERT INTO `picture` VALUES ('82', '/images/storage/6b7426bfe68065eaa06471e400ef8ae8.jpg');
INSERT INTO `picture` VALUES ('83', '/images/storage/dc7bb3a937414009edebec798cf29abf.jpg');
INSERT INTO `picture` VALUES ('84', '/images/storage/0df7dcd657b06fe1bee4cfafb8dd5788.jpg');
INSERT INTO `picture` VALUES ('85', '/images/storage/f188b97faaa5bc826f17c35a6a9c46dd.jpg');
INSERT INTO `picture` VALUES ('86', '/images/storage/c4bcadcf03870e739d65306d163fba50.jpg');
INSERT INTO `picture` VALUES ('87', '/images/storage/0ace253fac189a99e7a88e9cee25b1a0.jpg');
INSERT INTO `picture` VALUES ('88', '/images/storage/df5f284359d40b80f00d8d8ebf44b358.jpg');
INSERT INTO `picture` VALUES ('89', '/images/storage/b1fa29c548190429d7ef934fdd692a9f.jpg');
INSERT INTO `picture` VALUES ('90', '/images/storage/b160cc54e79c4d59556e0ba39c00c2a4.jpg');
INSERT INTO `picture` VALUES ('91', '/images/storage/955b41636bb095198ae9d7c2150aa795.jpg');
INSERT INTO `picture` VALUES ('92', '/images/storage/1c050b67411d2378e5fede1f35be7954.jpg');
INSERT INTO `picture` VALUES ('93', '/images/storage/d599084fa330af53a0906838d523ad6e.jpg');
INSERT INTO `picture` VALUES ('94', '/images/storage/6b10ae49c1bdf98b629ec919cf1a808a.jpeg');
INSERT INTO `picture` VALUES ('95', '/images/storage/66a9fa872ba75cb32dfdbe9952eccd4a.gif');
INSERT INTO `picture` VALUES ('96', '/images/storage/a922d0801b1eef0695d5a9394e3ec155.gif');
INSERT INTO `picture` VALUES ('97', '/images/storage/b3efb8d7a888aec66d1cb9bd0a4744f6.png');
INSERT INTO `picture` VALUES ('98', '/images/storage/1bc2ea0487b6d5dc9e1cf7eff772a12e.png');
INSERT INTO `picture` VALUES ('99', '/images/storage/6f54183b07ffb21eb7c3c01de647cc61.jpg');
INSERT INTO `picture` VALUES ('100', '/images/storage/db70e1b7a632c6ba80c196f0d9616ae5.jpg');
INSERT INTO `picture` VALUES ('101', '/images/storage/d0c270260749ecb3a94cb65d356f35d9.jpg');
INSERT INTO `picture` VALUES ('102', '/images/storage/a190c35e142e88786bc9a8b5b12fd272.png');
INSERT INTO `picture` VALUES ('103', '/images/storage/20ca1443f53bff36c6af5aa30220ceeb.jpg');
INSERT INTO `picture` VALUES ('104', '/images/storage/1159022d401a9778c703aa58e04016d3.jpg');
INSERT INTO `picture` VALUES ('105', '/images/storage/7f30af6d4b84683701ec570a8f4af986.png');
INSERT INTO `picture` VALUES ('106', '/images/storage/e8027d5d0222b8a404f89d6a69480b5e.png');
INSERT INTO `picture` VALUES ('107', '/images/storage/2603f891642451b0478beff813efa05f.jpg');
INSERT INTO `picture` VALUES ('108', '/images/storage/4e34456d0809ffd31aa4fd9b23c8d75d.png');
INSERT INTO `picture` VALUES ('109', '/images/storage/2fee060c8b4a7dd80c0f9153583f847e.png');
INSERT INTO `picture` VALUES ('110', '/images/storage/f22799d1f9e96a0d65790514f415ab72.png');
INSERT INTO `picture` VALUES ('111', '/images/storage/32232ade47769d848ac035109cf0dc2e.jpg');
INSERT INTO `picture` VALUES ('112', '/images/storage/33fc931576d724e97b4ab93b91a58643.png');
INSERT INTO `picture` VALUES ('113', '/images/storage/aaf982510a2fa46303851754b66a8650.png');
INSERT INTO `picture` VALUES ('114', '/images/storage/9b5ed86a973196c824af075216962982.jpg');
INSERT INTO `picture` VALUES ('115', '/images/storage/fefc0ff7af412d2560aa5ec70b4e9d4b.png');
INSERT INTO `picture` VALUES ('116', '/images/storage/f922efcbc8ea00f15d7d53aaffb50370.png');
INSERT INTO `picture` VALUES ('117', '/images/storage/b819c969c2cd3a0d9800280d89cce152.png');
INSERT INTO `picture` VALUES ('118', '/images/storage/3da425b350e947f69c705b39881e2dfa.jpg');
INSERT INTO `picture` VALUES ('119', '/images/storage/a26186fce952bd47c89b0cea570b4e8a.jpg');
INSERT INTO `picture` VALUES ('120', '/images/storage/a7aee0b0e4b8726d64d01b5642dfce8b.png');
INSERT INTO `picture` VALUES ('121', '/images/storage/50f624a3f6db481ebcf674a968fd2996.png');
INSERT INTO `picture` VALUES ('122', '/images/storage/858418ed592b00167496a4de19bf54ea.jpg');
INSERT INTO `picture` VALUES ('123', '/images/storage/8cd7ec3349f47571c2e3f0fdf0c05f16.jpg');
INSERT INTO `picture` VALUES ('124', '/images/storage/079d06fb2843f8ac1aea83765d4b3fb2.jpg');
INSERT INTO `picture` VALUES ('125', '/images/storage/c6b20a740b0e79ff001253be3caa542d.jpg');
INSERT INTO `picture` VALUES ('126', '/images/storage/d23635ee9827fb9d8ad6950f158ec04e.jpg');
INSERT INTO `picture` VALUES ('127', '/images/storage/39db9fd52b19f6fff3300fb1cf66b97d.jpg');
INSERT INTO `picture` VALUES ('128', '/images/storage/502a1d2d74517a284fec3e4d0de64ad4.jpg');
INSERT INTO `picture` VALUES ('129', '/images/storage/b7ef9257b4b7b9d690442c99d36ba356.jpg');
INSERT INTO `picture` VALUES ('130', '/images/storage/6da8ed431c84e19f40c8458118478753.jpg');
INSERT INTO `picture` VALUES ('131', '/images/storage/ca9105926ac383872c2a4c67f3e74a66.jpg');
INSERT INTO `picture` VALUES ('132', '/images/storage/4a87bc8624967d157b2dfaccc9caceb8.jpg');
INSERT INTO `picture` VALUES ('133', '/images/storage/95b8b3fb616c1c8843d6edb51541967b.jpg');
INSERT INTO `picture` VALUES ('134', '/images/storage/a293f2598f11afb856f11eb430321e15.jpg');
INSERT INTO `picture` VALUES ('135', '/images/storage/88e8c5588d708c0eb93aeb104de665db.jpg');
INSERT INTO `picture` VALUES ('136', '/images/storage/bee8e1316fe7b4d14be88dc51259162a.jpg');
INSERT INTO `picture` VALUES ('137', '/images/storage/ebcbad4b05321adb485c953b823ca3b2.jpg');
INSERT INTO `picture` VALUES ('138', '/images/storage/56e2334648536f3591b8317bc4bd9e01.gif');
INSERT INTO `picture` VALUES ('139', '/images/storage/5ab7f9f4dcdae4cd582b66957df12998.jpg');
INSERT INTO `picture` VALUES ('140', '/images/storage/2600b4afe69d664f7ee1ba01dfbe925b.jpg');
INSERT INTO `picture` VALUES ('141', '/images/storage/f4c0f759f7d749d1bc8727f785ecfe15.jpg');
INSERT INTO `picture` VALUES ('142', '/images/storage/4cba433e5d1eefde994aed1c13bd8dcc.jpg');
INSERT INTO `picture` VALUES ('143', '/images/storage/2648318c36ebc9e8a18034ce9fa936f6.jpg');
INSERT INTO `picture` VALUES ('144', '/images/storage/6996a9de3186e307926475ca2cb4e643.jpg');
INSERT INTO `picture` VALUES ('145', '/images/storage/16ed056169c5f7ec15d730eebc91d694.jpeg');
INSERT INTO `picture` VALUES ('146', '/images/storage/953606ecb346b1a24512e085d96773dd.jpeg');
INSERT INTO `picture` VALUES ('147', '/images/storage/0443213aaca8688d64f67dabf7a255bf.jpg');
INSERT INTO `picture` VALUES ('148', '/images/storage/47497178fc7c194cb0c9d3ebb609e5e6.jpg');
INSERT INTO `picture` VALUES ('149', '/images/storage/fb077bda7551a869d824e522ed37138e.jpg');
INSERT INTO `picture` VALUES ('150', '/images/storage/6a6a09a1dfc838dcb230f3211d05e9f2.jpg');
INSERT INTO `picture` VALUES ('151', '/images/storage/5a00835ed061007f8b5b92e5e64eac8c.jpg');
INSERT INTO `picture` VALUES ('152', '/images/storage/17405ef74c0e38461c8dffb981db2f1a.jpg');
INSERT INTO `picture` VALUES ('153', '/images/storage/469c619b6794fbe489d8c461a1c71294.jpg');
INSERT INTO `picture` VALUES ('154', '/images/storage/52067cd58b2a738f39f49eb53a6728e5.jpg');
INSERT INTO `picture` VALUES ('155', '/images/storage/37507cbd937706789a7e164f5c1f69f2.jpeg');
INSERT INTO `picture` VALUES ('156', '/images/storage/3eaad346263bc415c093d584f31912f4.jpeg');
INSERT INTO `picture` VALUES ('157', '/images/storage/9820afa1da38ee3c64f2684dc067bdd6.jpeg');
INSERT INTO `picture` VALUES ('158', '/images/storage/2071c6a21df1025d53e3b802bd1f5277.jpeg');
INSERT INTO `picture` VALUES ('159', '/images/storage/3d4db0409793707ad74001c4911fa401.jpeg');
INSERT INTO `picture` VALUES ('160', '/images/storage/0383166468047b32e14cd8782c51f6eb.jpeg');
INSERT INTO `picture` VALUES ('161', '/images/storage/74dc77fb7c7f81fd075a9d3029b1ce99._UY200_');
INSERT INTO `picture` VALUES ('162', '/images/storage/59fbab7cdd550852b8af027fd0dcd2b8.jpg');
INSERT INTO `picture` VALUES ('163', '/images/storage/a34d33e28e8423da72c69aca9a567f15.jpg');
INSERT INTO `picture` VALUES ('164', '/images/storage/77dcf128e88d8eacedfa89515f0eece3.jpg');
INSERT INTO `picture` VALUES ('165', '/images/storage/8b2ccc223d72464fbf875ce76438a840.jpeg');
INSERT INTO `picture` VALUES ('166', '/images/storage/89d1ba100efcc25246470c873fc71547.jpeg');
INSERT INTO `picture` VALUES ('167', '/images/storage/0340131e5a49f5f7509e36a3c48fde5b.jpg');
INSERT INTO `picture` VALUES ('168', '/images/storage/d4cab57ec354e9887a5eea65e4aae9f2.jpg');
INSERT INTO `picture` VALUES ('169', '/images/storage/60abb285ced2f832f481148a10462b42.jpeg');
INSERT INTO `picture` VALUES ('170', '/images/storage/8806785f388be4807e1b37f3ef96ce45.jpg');
INSERT INTO `picture` VALUES ('171', '/images/storage/01babb1831a564f43e7f2eb86f1224b1.jpeg');
INSERT INTO `picture` VALUES ('172', '/images/storage/564cdf36f01a093ba28b6deb51ba9f00.jpeg');
INSERT INTO `picture` VALUES ('173', '/images/storage/e6a3abc03521820f44eb27e5b8ab6440.jpeg');
INSERT INTO `picture` VALUES ('174', '/images/storage/099e82374575b0dbbf02fcc50d68b041.jpeg');
INSERT INTO `picture` VALUES ('175', '/images/storage/f13e137d9a882ee4e725c63bc2032e7e.jpeg');
INSERT INTO `picture` VALUES ('176', '/images/storage/10992592fd4ce74a3b8aebe329db9345.jpeg');
INSERT INTO `picture` VALUES ('177', '/images/storage/85964bfa0295a4b6f7bd5a12bb4c8034._UY200_');
INSERT INTO `picture` VALUES ('178', '/images/storage/af24d591c33b6e2d74ea8d9375d26217.jpg');
INSERT INTO `picture` VALUES ('179', '/images/storage/20659d9529e9c07bdae16e2958397b05._SX301_BO1,204,203,200_');
INSERT INTO `picture` VALUES ('180', '/images/storage/9b608abfb777c9cfab6280edd2a7d300.JPG');
INSERT INTO `picture` VALUES ('181', '/images/storage/24dff12108add6ad856afaed12092185.JPG');
INSERT INTO `picture` VALUES ('182', '/images/storage/b27ad91d984dfddf8a2bb22a00b62f70._SX301_BO1,204,203,200_');
INSERT INTO `picture` VALUES ('183', '/images/storage/010185aaf623207e4ffd2c1aa3b0c714.JPG');
INSERT INTO `picture` VALUES ('184', '/images/storage/ff36d6e4e03aeb0884f3e80d3cd5289e.jpg');
INSERT INTO `picture` VALUES ('185', '/images/storage/8343f3b950d22f52fe3d6e2369d8feda.jpg');
INSERT INTO `picture` VALUES ('186', '/images/storage/4433d6d013afe3cb67aa4f379e0453c7.jpg');
INSERT INTO `picture` VALUES ('187', '/images/storage/3b080d0945e0275fa53adb420f45315e.jpeg');
INSERT INTO `picture` VALUES ('188', '/images/storage/84d77566a8f595c8657847cf15ea1000.jpeg');
INSERT INTO `picture` VALUES ('189', '/images/storage/6b9b6c5271ce5f439fc656177eff7e67.jpeg');
INSERT INTO `picture` VALUES ('190', '/images/storage/7cf48c3fbaa38d381df23c59787b5fdd.jpeg');
INSERT INTO `picture` VALUES ('191', '/images/storage/55f5add6473d2d91c7c3cfb6077c7dfb.jpeg');
INSERT INTO `picture` VALUES ('192', '/images/storage/5dc7f7dd0d3ff47a9cd4db0556d41bc4.jpeg');
INSERT INTO `picture` VALUES ('193', '/images/storage/ce8c075e5a71d8173892ffddb7cd92d0.jpeg');
INSERT INTO `picture` VALUES ('194', '/images/storage/2df51c9363b62f93156eb3650715f654.jpeg');
INSERT INTO `picture` VALUES ('195', '/images/storage/369ad55dfb5ad85842af3401dc036bda.jpg');
INSERT INTO `picture` VALUES ('196', '/images/storage/cd777e796ffb8e0803ac606df46a2ab9.jpg');
INSERT INTO `picture` VALUES ('197', '/images/storage/38d650554b4c52711f445355a0f44689.jpeg');
INSERT INTO `picture` VALUES ('198', '/images/storage/dc9d2c715de6199fd7087c68a7a874cc.jpeg');
INSERT INTO `picture` VALUES ('199', '/images/storage/e23a2e8459ab8ca7d666c7b2cf5d701e.jpeg');
INSERT INTO `picture` VALUES ('200', '/images/storage/38c79f3c6c42bd7e9e96b7010d9baa46.jpeg');
INSERT INTO `picture` VALUES ('201', '/images/storage/5a6fb2007a6fe23a818e4974a11ac659.jpeg');
INSERT INTO `picture` VALUES ('202', '/images/storage/330119b6e183e6effac095ab68857758.jpeg');
INSERT INTO `picture` VALUES ('203', '/images/storage/d7cb1f64d8205df33e066eb9f4084c76.jpg');
INSERT INTO `picture` VALUES ('204', '/images/storage/1ad36991646cac42d4f5a0d3ed9eae8e.jpg');
INSERT INTO `picture` VALUES ('205', '/images/storage/283f70c1f2cda7451948e512f6db0370.jpg');
INSERT INTO `picture` VALUES ('206', '/images/storage/cb689f5ad053069f2bf449300ac4ddbb.jpg');
INSERT INTO `picture` VALUES ('207', '/images/storage/d99f634f548555e9d6176733dc715f5e.jpg');
INSERT INTO `picture` VALUES ('208', '/images/storage/152c6a28363f95ccfc10ab2a33d6cc68.jpg');
INSERT INTO `picture` VALUES ('209', '/images/storage/b5a79e0f320b9a6755284ecf80f734f1._UY200_');
INSERT INTO `picture` VALUES ('210', '/images/storage/ac0112dd33f6525f6f6a5c9e4a2a30db.jpg');
INSERT INTO `picture` VALUES ('211', '/images/storage/bf71003994e2e05126392b34ed629b9d.jpeg');
INSERT INTO `picture` VALUES ('212', '/images/storage/6835968b133395d4ce599e78cd6a10b2.jpeg');
INSERT INTO `picture` VALUES ('213', '/images/storage/6e569efffc81131a0185f792333c233e.jpeg');
INSERT INTO `picture` VALUES ('214', '/images/storage/6beafd6ecb0e284f070cfecdf17b9a9e.jpeg');
INSERT INTO `picture` VALUES ('215', '/images/storage/5e8ce478be96367c29ca6ae8328cf9d4.jpg');
INSERT INTO `picture` VALUES ('216', '/images/storage/3ecb01885f0bb3b7bf2551bcfa197f67.jpg');
INSERT INTO `picture` VALUES ('217', '/images/storage/601d405dc20b72189ffae4ea956b4de8.jpeg');
INSERT INTO `picture` VALUES ('218', '/images/storage/ff8a2e155623c3ea637b9780166d7680.jpeg');
INSERT INTO `picture` VALUES ('219', '/images/storage/default.jpg');
INSERT INTO `picture` VALUES ('229', '/images/storage/6ad92b8e4b33fe61e37fcb8c268c95e7.jpg');

-- ----------------------------
-- Table structure for `product`
-- ----------------------------
DROP TABLE IF EXISTS `product`;
CREATE TABLE `product` (
  `id` int(11) NOT NULL AUTO_INCREMENT,
  `item_id` int(11) NOT NULL,
  `price` int(11) NOT NULL,
  PRIMARY KEY (`id`),
  KEY `item_id` (`item_id`),
  CONSTRAINT `product_ibfk_1` FOREIGN KEY (`item_id`) REFERENCES `book` (`id`)
) ENGINE=InnoDB AUTO_INCREMENT=70 DEFAULT CHARSET=utf8;

-- ----------------------------
-- Records of product
-- ----------------------------
INSERT INTO `product` VALUES ('29', '17', '1332');
INSERT INTO `product` VALUES ('32', '20', '1809');
INSERT INTO `product` VALUES ('33', '21', '1797');
INSERT INTO `product` VALUES ('34', '22', '1095');
INSERT INTO `product` VALUES ('35', '23', '2208');
INSERT INTO `product` VALUES ('36', '24', '1371');
INSERT INTO `product` VALUES ('37', '25', '1379');
INSERT INTO `product` VALUES ('38', '26', '1299');
INSERT INTO `product` VALUES ('39', '27', '2352');
INSERT INTO `product` VALUES ('40', '28', '1515');
INSERT INTO `product` VALUES ('41', '29', '1043');
INSERT INTO `product` VALUES ('42', '30', '1061');
INSERT INTO `product` VALUES ('43', '31', '1061');
INSERT INTO `product` VALUES ('44', '32', '994');
INSERT INTO `product` VALUES ('45', '33', '1197');
INSERT INTO `product` VALUES ('46', '34', '936');
INSERT INTO `product` VALUES ('47', '35', '1060');
INSERT INTO `product` VALUES ('48', '36', '921');
INSERT INTO `product` VALUES ('49', '37', '1061');
INSERT INTO `product` VALUES ('50', '38', '1523');
INSERT INTO `product` VALUES ('52', '40', '754');
INSERT INTO `product` VALUES ('53', '41', '4770');
INSERT INTO `product` VALUES ('54', '42', '1514');
INSERT INTO `product` VALUES ('55', '43', '3938');
INSERT INTO `product` VALUES ('56', '44', '1285');
INSERT INTO `product` VALUES ('57', '45', '1291');
INSERT INTO `product` VALUES ('58', '46', '1300');
INSERT INTO `product` VALUES ('59', '47', '1181');
INSERT INTO `product` VALUES ('60', '48', '2860');
INSERT INTO `product` VALUES ('61', '49', '1676');
INSERT INTO `product` VALUES ('67', '55', '0');
INSERT INTO `product` VALUES ('69', '57', '0');

-- ----------------------------
-- Table structure for `product_author`
-- ----------------------------
DROP TABLE IF EXISTS `product_author`;
CREATE TABLE `product_author` (
  `id` int(11) NOT NULL AUTO_INCREMENT,
  `prod_id` int(11) NOT NULL,
  `author_id` int(11) NOT NULL,
  PRIMARY KEY (`id`),
  KEY `product_author_ibfk_2` (`author_id`),
  KEY `prod_id` (`prod_id`),
  CONSTRAINT `product_author_ibfk_2` FOREIGN KEY (`author_id`) REFERENCES `author` (`id`),
  CONSTRAINT `product_author_ibfk_3` FOREIGN KEY (`prod_id`) REFERENCES `product` (`id`)
) ENGINE=InnoDB AUTO_INCREMENT=85 DEFAULT CHARSET=utf8;

-- ----------------------------
-- Records of product_author
-- ----------------------------
INSERT INTO `product_author` VALUES ('1', '29', '8');
INSERT INTO `product_author` VALUES ('2', '32', '27');
INSERT INTO `product_author` VALUES ('5', '33', '13');
INSERT INTO `product_author` VALUES ('6', '33', '27');
INSERT INTO `product_author` VALUES ('7', '34', '13');
INSERT INTO `product_author` VALUES ('8', '34', '8');
INSERT INTO `product_author` VALUES ('9', '35', '11');
INSERT INTO `product_author` VALUES ('10', '35', '6');
INSERT INTO `product_author` VALUES ('11', '36', '10');
INSERT INTO `product_author` VALUES ('12', '36', '11');
INSERT INTO `product_author` VALUES ('13', '37', '10');
INSERT INTO `product_author` VALUES ('14', '37', '6');
INSERT INTO `product_author` VALUES ('15', '38', '5');
INSERT INTO `product_author` VALUES ('16', '38', '1');
INSERT INTO `product_author` VALUES ('17', '39', '2');
INSERT INTO `product_author` VALUES ('18', '39', '5');
INSERT INTO `product_author` VALUES ('19', '40', '9');
INSERT INTO `product_author` VALUES ('20', '40', '5');
INSERT INTO `product_author` VALUES ('21', '41', '26');
INSERT INTO `product_author` VALUES ('22', '41', '7');
INSERT INTO `product_author` VALUES ('27', '42', '4');
INSERT INTO `product_author` VALUES ('28', '42', '26');
INSERT INTO `product_author` VALUES ('29', '43', '4');
INSERT INTO `product_author` VALUES ('30', '43', '26');
INSERT INTO `product_author` VALUES ('31', '44', '3');
INSERT INTO `product_author` VALUES ('32', '44', '12');
INSERT INTO `product_author` VALUES ('33', '45', '14');
INSERT INTO `product_author` VALUES ('34', '45', '3');
INSERT INTO `product_author` VALUES ('37', '46', '25');
INSERT INTO `product_author` VALUES ('38', '46', '14');
INSERT INTO `product_author` VALUES ('39', '47', '25');
INSERT INTO `product_author` VALUES ('40', '47', '14');
INSERT INTO `product_author` VALUES ('41', '48', '8');
INSERT INTO `product_author` VALUES ('42', '49', '25');
INSERT INTO `product_author` VALUES ('43', '50', '27');
INSERT INTO `product_author` VALUES ('45', '52', '13');
INSERT INTO `product_author` VALUES ('46', '53', '6');
INSERT INTO `product_author` VALUES ('47', '54', '11');
INSERT INTO `product_author` VALUES ('48', '55', '11');
INSERT INTO `product_author` VALUES ('49', '56', '10');
INSERT INTO `product_author` VALUES ('50', '57', '2');
INSERT INTO `product_author` VALUES ('51', '58', '3');
INSERT INTO `product_author` VALUES ('52', '59', '12');
INSERT INTO `product_author` VALUES ('53', '60', '26');
INSERT INTO `product_author` VALUES ('54', '61', '4');
INSERT INTO `product_author` VALUES ('83', '69', '14');
INSERT INTO `product_author` VALUES ('84', '67', '14');

-- ----------------------------
-- Table structure for `product_category`
-- ----------------------------
DROP TABLE IF EXISTS `product_category`;
CREATE TABLE `product_category` (
  `id` int(11) NOT NULL AUTO_INCREMENT,
  `prod_id` int(11) NOT NULL,
  `category_id` int(11) NOT NULL,
  PRIMARY KEY (`id`),
  KEY `prod_id` (`prod_id`),
  KEY `category_id` (`category_id`),
  CONSTRAINT `product_category_ibfk_1` FOREIGN KEY (`prod_id`) REFERENCES `product` (`id`),
  CONSTRAINT `product_category_ibfk_2` FOREIGN KEY (`category_id`) REFERENCES `category` (`id`)
) ENGINE=InnoDB AUTO_INCREMENT=100 DEFAULT CHARSET=utf8;

-- ----------------------------
-- Records of product_category
-- ----------------------------
INSERT INTO `product_category` VALUES ('1', '29', '2');
INSERT INTO `product_category` VALUES ('2', '29', '37');
INSERT INTO `product_category` VALUES ('3', '32', '2');
INSERT INTO `product_category` VALUES ('4', '32', '38');
INSERT INTO `product_category` VALUES ('7', '33', '2');
INSERT INTO `product_category` VALUES ('8', '33', '39');
INSERT INTO `product_category` VALUES ('9', '34', '2');
INSERT INTO `product_category` VALUES ('10', '34', '40');
INSERT INTO `product_category` VALUES ('11', '35', '3');
INSERT INTO `product_category` VALUES ('12', '35', '19');
INSERT INTO `product_category` VALUES ('13', '36', '3');
INSERT INTO `product_category` VALUES ('14', '36', '18');
INSERT INTO `product_category` VALUES ('15', '37', '3');
INSERT INTO `product_category` VALUES ('16', '37', '20');
INSERT INTO `product_category` VALUES ('17', '38', '4');
INSERT INTO `product_category` VALUES ('18', '38', '13');
INSERT INTO `product_category` VALUES ('19', '39', '4');
INSERT INTO `product_category` VALUES ('20', '39', '14');
INSERT INTO `product_category` VALUES ('21', '40', '4');
INSERT INTO `product_category` VALUES ('22', '40', '12');
INSERT INTO `product_category` VALUES ('23', '41', '5');
INSERT INTO `product_category` VALUES ('24', '41', '16');
INSERT INTO `product_category` VALUES ('29', '42', '5');
INSERT INTO `product_category` VALUES ('30', '42', '17');
INSERT INTO `product_category` VALUES ('31', '43', '5');
INSERT INTO `product_category` VALUES ('32', '43', '17');
INSERT INTO `product_category` VALUES ('33', '44', '5');
INSERT INTO `product_category` VALUES ('34', '44', '15');
INSERT INTO `product_category` VALUES ('35', '45', '6');
INSERT INTO `product_category` VALUES ('36', '45', '21');
INSERT INTO `product_category` VALUES ('39', '46', '6');
INSERT INTO `product_category` VALUES ('40', '46', '22');
INSERT INTO `product_category` VALUES ('41', '47', '6');
INSERT INTO `product_category` VALUES ('42', '47', '23');
INSERT INTO `product_category` VALUES ('43', '48', '7');
INSERT INTO `product_category` VALUES ('44', '48', '30');
INSERT INTO `product_category` VALUES ('45', '49', '8');
INSERT INTO `product_category` VALUES ('46', '49', '24');
INSERT INTO `product_category` VALUES ('47', '50', '8');
INSERT INTO `product_category` VALUES ('48', '50', '25');
INSERT INTO `product_category` VALUES ('51', '52', '8');
INSERT INTO `product_category` VALUES ('52', '52', '26');
INSERT INTO `product_category` VALUES ('53', '53', '9');
INSERT INTO `product_category` VALUES ('54', '53', '31');
INSERT INTO `product_category` VALUES ('55', '54', '9');
INSERT INTO `product_category` VALUES ('56', '54', '32');
INSERT INTO `product_category` VALUES ('57', '55', '9');
INSERT INTO `product_category` VALUES ('58', '55', '33');
INSERT INTO `product_category` VALUES ('59', '56', '10');
INSERT INTO `product_category` VALUES ('60', '56', '27');
INSERT INTO `product_category` VALUES ('61', '57', '10');
INSERT INTO `product_category` VALUES ('62', '57', '28');
INSERT INTO `product_category` VALUES ('63', '58', '10');
INSERT INTO `product_category` VALUES ('64', '58', '29');
INSERT INTO `product_category` VALUES ('65', '59', '11');
INSERT INTO `product_category` VALUES ('66', '59', '34');
INSERT INTO `product_category` VALUES ('67', '60', '11');
INSERT INTO `product_category` VALUES ('68', '60', '35');
INSERT INTO `product_category` VALUES ('69', '61', '11');
INSERT INTO `product_category` VALUES ('70', '61', '36');
INSERT INTO `product_category` VALUES ('98', '69', '3');
INSERT INTO `product_category` VALUES ('99', '67', '3');

-- ----------------------------
-- Table structure for `product_picture`
-- ----------------------------
DROP TABLE IF EXISTS `product_picture`;
CREATE TABLE `product_picture` (
  `id` int(11) NOT NULL AUTO_INCREMENT,
  `prod_id` int(11) NOT NULL,
  `picture_id` int(11) NOT NULL,
  PRIMARY KEY (`id`),
  KEY `prod_id` (`prod_id`),
  KEY `picture_id` (`picture_id`),
  CONSTRAINT `product_picture_ibfk_1` FOREIGN KEY (`prod_id`) REFERENCES `product` (`id`),
  CONSTRAINT `product_picture_ibfk_2` FOREIGN KEY (`picture_id`) REFERENCES `picture` (`id`)
) ENGINE=InnoDB AUTO_INCREMENT=74 DEFAULT CHARSET=utf8;

-- ----------------------------
-- Records of product_picture
-- ----------------------------
INSERT INTO `product_picture` VALUES ('1', '29', '157');
INSERT INTO `product_picture` VALUES ('2', '29', '158');
INSERT INTO `product_picture` VALUES ('3', '32', '159');
INSERT INTO `product_picture` VALUES ('4', '32', '160');
INSERT INTO `product_picture` VALUES ('5', '33', '161');
INSERT INTO `product_picture` VALUES ('6', '33', '162');
INSERT INTO `product_picture` VALUES ('7', '34', '163');
INSERT INTO `product_picture` VALUES ('8', '34', '164');
INSERT INTO `product_picture` VALUES ('9', '35', '165');
INSERT INTO `product_picture` VALUES ('10', '35', '166');
INSERT INTO `product_picture` VALUES ('11', '36', '167');
INSERT INTO `product_picture` VALUES ('12', '36', '168');
INSERT INTO `product_picture` VALUES ('13', '37', '169');
INSERT INTO `product_picture` VALUES ('14', '37', '170');
INSERT INTO `product_picture` VALUES ('15', '38', '171');
INSERT INTO `product_picture` VALUES ('16', '38', '172');
INSERT INTO `product_picture` VALUES ('17', '39', '173');
INSERT INTO `product_picture` VALUES ('18', '39', '174');
INSERT INTO `product_picture` VALUES ('19', '40', '175');
INSERT INTO `product_picture` VALUES ('20', '40', '176');
INSERT INTO `product_picture` VALUES ('21', '41', '177');
INSERT INTO `product_picture` VALUES ('22', '41', '178');
INSERT INTO `product_picture` VALUES ('27', '43', '183');
INSERT INTO `product_picture` VALUES ('28', '43', '184');
INSERT INTO `product_picture` VALUES ('29', '44', '185');
INSERT INTO `product_picture` VALUES ('30', '44', '186');
INSERT INTO `product_picture` VALUES ('31', '45', '187');
INSERT INTO `product_picture` VALUES ('32', '45', '188');
INSERT INTO `product_picture` VALUES ('33', '46', '189');
INSERT INTO `product_picture` VALUES ('34', '46', '190');
INSERT INTO `product_picture` VALUES ('35', '47', '191');
INSERT INTO `product_picture` VALUES ('36', '47', '192');
INSERT INTO `product_picture` VALUES ('37', '48', '193');
INSERT INTO `product_picture` VALUES ('38', '48', '194');
INSERT INTO `product_picture` VALUES ('39', '49', '195');
INSERT INTO `product_picture` VALUES ('40', '49', '196');
INSERT INTO `product_picture` VALUES ('41', '50', '197');
INSERT INTO `product_picture` VALUES ('42', '50', '198');
INSERT INTO `product_picture` VALUES ('43', '52', '199');
INSERT INTO `product_picture` VALUES ('44', '52', '200');
INSERT INTO `product_picture` VALUES ('45', '53', '201');
INSERT INTO `product_picture` VALUES ('46', '53', '202');
INSERT INTO `product_picture` VALUES ('47', '54', '203');
INSERT INTO `product_picture` VALUES ('48', '54', '204');
INSERT INTO `product_picture` VALUES ('49', '55', '205');
INSERT INTO `product_picture` VALUES ('50', '55', '206');
INSERT INTO `product_picture` VALUES ('51', '56', '207');
INSERT INTO `product_picture` VALUES ('52', '56', '208');
INSERT INTO `product_picture` VALUES ('53', '57', '209');
INSERT INTO `product_picture` VALUES ('54', '57', '210');
INSERT INTO `product_picture` VALUES ('55', '58', '211');
INSERT INTO `product_picture` VALUES ('56', '58', '212');
INSERT INTO `product_picture` VALUES ('57', '59', '213');
INSERT INTO `product_picture` VALUES ('58', '59', '214');
INSERT INTO `product_picture` VALUES ('59', '60', '215');
INSERT INTO `product_picture` VALUES ('60', '60', '216');
INSERT INTO `product_picture` VALUES ('61', '61', '217');
INSERT INTO `product_picture` VALUES ('62', '61', '218');
INSERT INTO `product_picture` VALUES ('63', '67', '219');
INSERT INTO `product_picture` VALUES ('73', '69', '229');

-- ----------------------------
-- Table structure for `product_publisher`
-- ----------------------------
DROP TABLE IF EXISTS `product_publisher`;
CREATE TABLE `product_publisher` (
  `id` int(11) NOT NULL AUTO_INCREMENT,
  `prod_id` int(11) NOT NULL,
  `publisher_id` int(11) NOT NULL,
  PRIMARY KEY (`id`),
  KEY `prod_id` (`prod_id`),
  KEY `publisher_id` (`publisher_id`),
  CONSTRAINT `product_publisher_ibfk_1` FOREIGN KEY (`prod_id`) REFERENCES `product` (`id`),
  CONSTRAINT `product_publisher_ibfk_2` FOREIGN KEY (`publisher_id`) REFERENCES `publisher` (`id`)
) ENGINE=InnoDB AUTO_INCREMENT=99 DEFAULT CHARSET=utf8;

-- ----------------------------
-- Records of product_publisher
-- ----------------------------
INSERT INTO `product_publisher` VALUES ('37', '29', '11');
INSERT INTO `product_publisher` VALUES ('38', '32', '1');
INSERT INTO `product_publisher` VALUES ('40', '33', '1');
INSERT INTO `product_publisher` VALUES ('41', '34', '1');
INSERT INTO `product_publisher` VALUES ('42', '35', '16');
INSERT INTO `product_publisher` VALUES ('43', '36', '3');
INSERT INTO `product_publisher` VALUES ('44', '37', '1');
INSERT INTO `product_publisher` VALUES ('45', '38', '15');
INSERT INTO `product_publisher` VALUES ('46', '39', '5');
INSERT INTO `product_publisher` VALUES ('47', '40', '8');
INSERT INTO `product_publisher` VALUES ('48', '41', '1');
INSERT INTO `product_publisher` VALUES ('51', '42', '10');
INSERT INTO `product_publisher` VALUES ('52', '43', '2');
INSERT INTO `product_publisher` VALUES ('53', '44', '12');
INSERT INTO `product_publisher` VALUES ('54', '45', '13');
INSERT INTO `product_publisher` VALUES ('56', '46', '14');
INSERT INTO `product_publisher` VALUES ('57', '47', '11');
INSERT INTO `product_publisher` VALUES ('58', '48', '9');
INSERT INTO `product_publisher` VALUES ('59', '49', '8');
INSERT INTO `product_publisher` VALUES ('60', '50', '7');
INSERT INTO `product_publisher` VALUES ('62', '52', '7');
INSERT INTO `product_publisher` VALUES ('63', '53', '12');
INSERT INTO `product_publisher` VALUES ('64', '54', '9');
INSERT INTO `product_publisher` VALUES ('65', '55', '1');
INSERT INTO `product_publisher` VALUES ('66', '56', '9');
INSERT INTO `product_publisher` VALUES ('67', '57', '4');
INSERT INTO `product_publisher` VALUES ('68', '58', '14');
INSERT INTO `product_publisher` VALUES ('69', '59', '3');
INSERT INTO `product_publisher` VALUES ('70', '60', '1');
INSERT INTO `product_publisher` VALUES ('71', '61', '15');
INSERT INTO `product_publisher` VALUES ('97', '69', '1');
INSERT INTO `product_publisher` VALUES ('98', '67', '1');

-- ----------------------------
-- Table structure for `publisher`
-- ----------------------------
DROP TABLE IF EXISTS `publisher`;
CREATE TABLE `publisher` (
  `id` int(11) NOT NULL AUTO_INCREMENT,
  `name` varchar(255) NOT NULL,
  `address` varchar(255) NOT NULL,
  `phone` varchar(255) NOT NULL,
  `description` text,
  PRIMARY KEY (`id`)
) ENGINE=InnoDB AUTO_INCREMENT=17 DEFAULT CHARSET=utf8;

-- ----------------------------
-- Records of publisher
-- ----------------------------
INSERT INTO `publisher` VALUES ('1', 'Academia', 'Moscow, st. Begovaya 24.', '+7 (495) 645-5888', '<p>\r\n	 &laquo;&raquo;     ().            ,      .</p>\r\n<p>\r\n	   &laquo;&raquo;        :</p>\r\n<ul>\r\n	<li>\r\n		         ;</li>\r\n	<li>\r\n		     : ,  ,    ;</li>\r\n	<li>\r\n		     ,     ;      ;</li>\r\n	<li>\r\n		        ;</li>\r\n	<li>\r\n		     .</li>\r\n</ul>\r\n');
INSERT INTO `publisher` VALUES ('2', 'Nature America', 'One New York Plaza, Suite 4500 New York City United States NY 10004-1562', '+1 212 726 9200', '<p>\r\n	<span style=\"color: rgb(90, 90, 90); font-family: &quot;Helvetica Neue&quot;, Helvetica, Arial, sans-serif; font-size: 14px; font-style: normal; font-variant-ligatures: normal; font-variant-caps: normal; font-weight: normal; letter-spacing: normal; line-height: 20px; orphans: 2; text-align: start; text-indent: 0px; text-transform: none; white-space: normal; widows: 2; word-spacing: 0px; -webkit-text-stroke-width: 0px; display: inline !important; float: none; background-color: rgb(255, 255, 255);\">Nature Publishing Group (NPG) is a publisher of high impact scientific and medical information in print and online. NPG publishes journals, online databases, and services across the life, physical, chemical and applied sciences and clinical medicine.</span></p>\r\n');
INSERT INTO `publisher` VALUES ('3', 'Scholastic, Inc.', '557 Broadway New York NY United States 10012', '+1 212 3436969', '<p>\r\n	<span style=\"color: rgb(90, 90, 90); font-family: &quot;Helvetica Neue&quot;, Helvetica, Arial, sans-serif; font-size: 14px; font-style: normal; font-variant-ligatures: normal; font-variant-caps: normal; font-weight: normal; letter-spacing: normal; line-height: 20px; orphans: 2; text-align: start; text-indent: 0px; text-transform: none; white-space: normal; widows: 2; word-spacing: 0px; -webkit-text-stroke-width: 0px; display: inline !important; float: none; background-color: rgb(255, 255, 255);\">The world&#39;s largest publisher and distributor of English language children&#39;s books and periodicals, as well as a leading educational publisher specialising in reading and technology. The leading and print publisher of reference products and operator of direct-to-home book clubs for children.</span></p>\r\n');
INSERT INTO `publisher` VALUES ('4', 'Getty Publications', '1200 Getty Center Drive Suite 500 Los Angeles CA United States 90049', '+1 3 10/4 40 67 95', '<p>\r\n	<span style=\"color: rgb(90, 90, 90); font-family: &quot;Helvetica Neue&quot;, Helvetica, Arial, sans-serif; font-size: 14px; font-style: normal; font-variant-ligatures: normal; font-variant-caps: normal; font-weight: normal; letter-spacing: normal; line-height: 20px; orphans: 2; text-align: start; text-indent: 0px; text-transform: none; white-space: normal; widows: 2; word-spacing: 0px; -webkit-text-stroke-width: 0px; display: inline !important; float: none; background-color: rgb(255, 255, 255);\">Publications on Greek and Roman antiquities, European paintings, drawings, photography, the history of art and the humanities, conservation of cultural patrimony, and art documentation research.</span></p>\r\n');
INSERT INTO `publisher` VALUES ('5', 'DC Comics', '1700 Broadway New York NY United States 10019', '+1 2 12/6 36 57 41', '<p>\r\n	<span style=\"color: rgb(90, 90, 90); font-family: &quot;Helvetica Neue&quot;, Helvetica, Arial, sans-serif; font-size: 14px; font-style: normal; font-variant-ligatures: normal; font-variant-caps: normal; font-weight: normal; letter-spacing: normal; line-height: 20px; orphans: 2; text-align: start; text-indent: 0px; text-transform: none; white-space: normal; widows: 2; word-spacing: 0px; -webkit-text-stroke-width: 0px; display: inline !important; float: none; background-color: rgb(255, 255, 255);\">DC Entertainment, home to iconic brands DC Comics (Superman, Batman, Green Lantern, Wonder Woman, The Flash), Vertigo (Sandman, Fables) and MAD, is the creative division charged with strategically integrating its content across Warner Bros. Entertainment and Time Warner. DC Entertainment works in concert with many key Warner Bros. divisions to unleash its stories and characters across all media, including but not limited to film, television, consumer products, home entertainment and interactive games. Publishing thousands of comic books, graphic novels and magazines each year, DC Entertainment is the largest English-language publisher of comics in the world.</span></p>\r\n');
INSERT INTO `publisher` VALUES ('7', 'National Geographic Society', '1145 17th Street N W Washington DC United States 20036', '+1 2 02/7 75 78 94', '<p>\r\n	<span style=\"color: rgb(90, 90, 90); font-family: &quot;Helvetica Neue&quot;, Helvetica, Arial, sans-serif; font-size: 14px; font-style: normal; font-variant-ligatures: normal; font-variant-caps: normal; font-weight: normal; letter-spacing: normal; line-height: 20px; orphans: 2; text-align: start; text-indent: 0px; text-transform: none; white-space: normal; widows: 2; word-spacing: 0px; -webkit-text-stroke-width: 0px; display: inline !important; float: none; background-color: rgb(255, 255, 255);\">Worldwide membership organization since 1888. Books for children &amp; adults. Full range of maps, atlases, videos, exhibits. National Geographic Magazine, Traveler, Adventure &amp; World Magazines, and National Geographic for Kids Magazine.</span></p>\r\n');
INSERT INTO `publisher` VALUES ('8', 'Penguin Random House', '111 Water Street, Suite 310  Vancouver, British Columbia, V6B 1A7', '(604) 566-9806', '<div class=\"field field-name-body field-type-text-with-summary field-label-hidden\">\r\n	<div class=\"field-items\">\r\n		<div class=\"field-item even\">\r\n			<p>\r\n				Penguin Random House Canada is the Canadian division of Penguin Random House, the world&rsquo;s most global trade book publisher which was formed on July 1, 2013, upon the completion of an agreement between Bertelsmann and Pearson to merge their respective trade publishing companies, Random House and Penguin, with the parent companies owning 53% and 47%, respectively. Penguin Random House comprises the adult and children&rsquo;s fiction and nonfiction print and digital trade book publishing businesses of Penguin and Random House in the U.S., U.K., Canada, Australia, New Zealand, India and South Africa, and Penguin&rsquo;s trade publishing activity in Asia and Brazil; <span class=\"caps\"><span class=\"caps\">DK</span></span> worldwide; and Penguin Random House Grupo Editorial&rsquo;s Spanish-language companies in Spain, Mexico, Argentina, Uruguay, Colombia, and Chile. Penguin Random House employs more than 10,000 people globally across almost 250 editorially and creatively independent imprints and publishing houses that collectively publish more than 15,000 new titles annually. Its publishing lists include more than 70 Nobel Prize laureates and hundreds of the world&rsquo;s most widely read authors. In Canada, Penguin Random House Canada is comprised of Penguin Canada and Random House of Canada, trade publishers and distributors of books from their sister imprints in the <span class=\"caps\"><span class=\"caps\">U.S.</span></span> and the <span class=\"caps\"><span class=\"caps\">U.K.</span></span></p>\r\n			<p>\r\n				Penguin Canada, founded in 1974, is one of Canada&rsquo;s preeminent trade publishers, publishing and distributing a wide range of literary, thought-provoking fiction, non-fiction, lifestyle and children&rsquo;s books. Penguin Canada&rsquo;s imprints include Viking, Hamish Hamilton, Allen Lane, Penguin, Portfolio Penguin, Puffin and its newest imprint launched in 2012, Razorbill. Under these imprints, Penguin Canada proudly publishes an award-winning list of Canadian authors including 2012 Scotiabank Giller Prize winner Will Ferguson, previous winners Joseph Boyden and Johanna Skibsrud, as well as Stuart McLean, Bobby Orr, Guy Gavriel Kay, Jack Whyte, Eric Walters, Michael Smith, John Ralston Saul and Adrienne Clarkson. Penguin Canada also publishes and distributes a number of celebrated international authors including Philip Roth, Zadie Smith, Stieg Larsson, John le Carr&eacute;, Khaled Hosseini, Kathryn Stockett, Elizabeth Gilbert and Ken Follett.</p>\r\n			<p>\r\n				Random House of Canada is a full service Canadian publisher and distributor of books in hardcover, trade paperback, mass market and digital formats. Random House of Canada was established in 1944 as the Canadian distributor of Random House Books. In 1986 the company established its own indigenous Canadian publishing program that has become one of the most successful in Canadian history. As a separate company, Doubleday Canada has been one of Canada&rsquo;s most prominent publishers for over seventy-five years and Bantam Books Canada had long served as the Canadian distribution arm of Bantam Doubleday Dell (<span class=\"caps\"><span class=\"caps\">BDD</span></span>). Random House and Bantam Doubleday Dell merged internationally in 1998. The two companies officially became one in Canada in 1999, representing the sister companies&rsquo; titles in this country and maintaining thriving Canadian publishing programs. Imprints of Random House of Canada include Anchor Canada, Bond Street Books, Doubleday Canada, Knopf Canada, Random House Canada and Vintage Canada. In 2012, Random House of Canada became full owner of celebrated Canadian publisher McClelland <span class=\"amp\">&amp;</span> Stewart and Tundra Books and their imprints; and also in 2012, Appetite by Random House, a lifestyle-focused imprint was established.</p>\r\n		</div>\r\n	</div>\r\n</div>\r\n');
INSERT INTO `publisher` VALUES ('9', 'American Physical Society', '1 Physics Ellipse College Park Maryland United States MD 20740-3844', '(301) 209-3200', '<p>\r\n	<span style=\"color: rgb(90, 90, 90); font-family: &quot;Helvetica Neue&quot;, Helvetica, Arial, sans-serif; font-size: 14px; font-style: normal; font-variant-ligatures: normal; font-variant-caps: normal; font-weight: normal; letter-spacing: normal; line-height: 20px; orphans: 2; text-align: start; text-indent: 0px; text-transform: none; white-space: normal; widows: 2; word-spacing: 0px; -webkit-text-stroke-width: 0px; display: inline !important; float: none; background-color: rgb(255, 255, 255);\">The American Physical Society (APS) is a non-profit membership organization working to advance and diffuse the knowledge of physics through its outstanding research journals, scientific meetings, and education, outreach, advocacy, and international activities. APS represents over 51,000 members, including physicists in academia, national laboratories, and industry in the United States and throughout the world. Society offices are located in College Park, MD (Headquarters), Ridge, NY, and Washington, DC.</span></p>\r\n');
INSERT INTO `publisher` VALUES ('10', 'Simon & Schuster', '5666 La Jolla Boulevard, #154 La Jolla United States CA 92037', '+1 858-551-0869', '<p>\r\n	<span style=\"color: rgb(90, 90, 90); font-family: &quot;Helvetica Neue&quot;, Helvetica, Arial, sans-serif; font-size: 14px; font-style: normal; font-variant-ligatures: normal; font-variant-caps: normal; font-weight: normal; letter-spacing: normal; line-height: 20px; orphans: 2; text-align: start; text-indent: 0px; text-transform: none; white-space: normal; widows: 2; word-spacing: 0px; -webkit-text-stroke-width: 0px; display: inline !important; float: none; background-color: rgb(255, 255, 255);\">Simon &amp; Schuster publishes approximately 2000 titles annually and is a major force in today&rsquo;s consumer publishing industry, dedicated to bringing an extensive cross section of first class information and entertainment in all printed, digital and audio formats to a worldwide audience of readers.</span><br style=\"box-sizing: border-box; color: rgb(90, 90, 90); font-family: &quot;Helvetica Neue&quot;, Helvetica, Arial, sans-serif; font-size: 14px; font-style: normal; font-variant-ligatures: normal; font-variant-caps: normal; font-weight: normal; letter-spacing: normal; line-height: 20px; orphans: 2; text-align: start; text-indent: 0px; text-transform: none; white-space: normal; widows: 2; word-spacing: 0px; -webkit-text-stroke-width: 0px; background-color: rgb(255, 255, 255);\" />\r\n	<br style=\"box-sizing: border-box; color: rgb(90, 90, 90); font-family: &quot;Helvetica Neue&quot;, Helvetica, Arial, sans-serif; font-size: 14px; font-style: normal; font-variant-ligatures: normal; font-variant-caps: normal; font-weight: normal; letter-spacing: normal; line-height: 20px; orphans: 2; text-align: start; text-indent: 0px; text-transform: none; white-space: normal; widows: 2; word-spacing: 0px; -webkit-text-stroke-width: 0px; background-color: rgb(255, 255, 255);\" />\r\n	<span style=\"color: rgb(90, 90, 90); font-family: &quot;Helvetica Neue&quot;, Helvetica, Arial, sans-serif; font-size: 14px; font-style: normal; font-variant-ligatures: normal; font-variant-caps: normal; font-weight: normal; letter-spacing: normal; line-height: 20px; orphans: 2; text-align: start; text-indent: 0px; text-transform: none; white-space: normal; widows: 2; word-spacing: 0px; -webkit-text-stroke-width: 0px; display: inline !important; float: none; background-color: rgb(255, 255, 255);\">Simon &amp; Schuster consists of numerous prestigious and well known imprints, including Simon &amp; Schuster, Scribner, Atria, Touchstone, Gallery Books, Pocket Books, Howard Books, Threshold Editions, Free Press, Major children&rsquo;s imprints include l Simon &amp; Schuster Books for Young Readers, Atheneum Books for Young Readers, Simon Pulse, Aladdin, Little Simon, Beach Lane Books, Margaret K. McElderry Books, Paula Wiseman Books and Simon Spotlight.</span></p>\r\n');
INSERT INTO `publisher` VALUES ('11', 'Llewellyn Worldwide, Ltd.', '2143 Wooddale Drive Woodbury MN United States 55125', '+1 6 51/2 91 19 70', '<p>\r\n	<span style=\"color: rgb(90, 90, 90); font-family: &quot;Helvetica Neue&quot;, Helvetica, Arial, sans-serif; font-size: 14px; font-style: normal; font-variant-ligatures: normal; font-variant-caps: normal; font-weight: normal; letter-spacing: normal; line-height: 20px; orphans: 2; text-align: start; text-indent: 0px; text-transform: none; white-space: normal; widows: 2; word-spacing: 0px; -webkit-text-stroke-width: 0px; display: inline !important; float: none; background-color: rgb(255, 255, 255);\">&nbsp;As the world&#39;s oldest and largest independent publisher of books for body, mind, and spirit, Llewellyn is dedicated to bringing our readers the very best in metaphysical books and resources. Since 1901, we&#39;ve been at the forefront of holistic and metaphysical publishing and thought. We&#39;ve been a source of illumination, instruction, and new perspectives on a wealth of topics, including astrology, tarot, wellness, earth-based spirituality, magic, and the paranormal. From e-books to tarot-themed iPhone apps, Llewellyn has embraced the Digital Age to continue our mission.</span><br style=\"box-sizing: border-box; color: rgb(90, 90, 90); font-family: &quot;Helvetica Neue&quot;, Helvetica, Arial, sans-serif; font-size: 14px; font-style: normal; font-variant-ligatures: normal; font-variant-caps: normal; font-weight: normal; letter-spacing: normal; line-height: 20px; orphans: 2; text-align: start; text-indent: 0px; text-transform: none; white-space: normal; widows: 2; word-spacing: 0px; -webkit-text-stroke-width: 0px; background-color: rgb(255, 255, 255);\" />\r\n	<br style=\"box-sizing: border-box; color: rgb(90, 90, 90); font-family: &quot;Helvetica Neue&quot;, Helvetica, Arial, sans-serif; font-size: 14px; font-style: normal; font-variant-ligatures: normal; font-variant-caps: normal; font-weight: normal; letter-spacing: normal; line-height: 20px; orphans: 2; text-align: start; text-indent: 0px; text-transform: none; white-space: normal; widows: 2; word-spacing: 0px; -webkit-text-stroke-width: 0px; background-color: rgb(255, 255, 255);\" />\r\n	<span style=\"color: rgb(90, 90, 90); font-family: &quot;Helvetica Neue&quot;, Helvetica, Arial, sans-serif; font-size: 14px; font-style: normal; font-variant-ligatures: normal; font-variant-caps: normal; font-weight: normal; letter-spacing: normal; line-height: 20px; orphans: 2; text-align: start; text-indent: 0px; text-transform: none; white-space: normal; widows: 2; word-spacing: 0px; -webkit-text-stroke-width: 0px; display: inline !important; float: none; background-color: rgb(255, 255, 255);\">Llewellyn has grown to include two critically acclaimed and award-winning imprints; Midnight Ink mystery titles and Flux novels for young adults. Flux is proud to have launched the careers of three New York Times bestselling authors: Laurie Faria Stolarz, Maggie Stiefvater, and Simone Elkeles. Elkeles&#39;s Flux title Return to Paradise made its debut on the New York Times bestseller list in September, 2010. Llewellyn has also partnered with Italian publisher Lo Scarabeo, and is the exclusive US and Canadian distributor of Lo Scarabeo&#39;s beautiful tarot and oracle decks.</span></p>\r\n');
INSERT INTO `publisher` VALUES ('12', 'InDesignSecrets.com', 'Chicago United States', '+1 (312) 252-1292', '<p>\r\n	<span style=\"color: rgb(90, 90, 90); font-family: &quot;Helvetica Neue&quot;, Helvetica, Arial, sans-serif; font-size: 14px; font-style: normal; font-variant-ligatures: normal; font-variant-caps: normal; font-weight: normal; letter-spacing: normal; line-height: 20px; orphans: 2; text-align: start; text-indent: 0px; text-transform: none; white-space: normal; widows: 2; word-spacing: 0px; -webkit-text-stroke-width: 0px; display: inline !important; float: none; background-color: rgb(255, 255, 255);\">When InDesign users search for answers, they find them at InDesignSecrets.com. The site features thousands of tips, techniques, and tutorials by top experts, the widest-circulation InDesign podcast, a leading industry forum, a weekly InDesign Tip of the Week newsletter, and rich resources for every InDesign user. All of these are available for free to any user. Premium site membership includes the monthly PDF magazine, InDesign Magazine (and access to all back issues since 2004), member-only discounts to CPN conferences, free InDesign templates, and more.</span><br style=\"box-sizing: border-box; color: rgb(90, 90, 90); font-family: &quot;Helvetica Neue&quot;, Helvetica, Arial, sans-serif; font-size: 14px; font-style: normal; font-variant-ligatures: normal; font-variant-caps: normal; font-weight: normal; letter-spacing: normal; line-height: 20px; orphans: 2; text-align: start; text-indent: 0px; text-transform: none; white-space: normal; widows: 2; word-spacing: 0px; -webkit-text-stroke-width: 0px; background-color: rgb(255, 255, 255);\" />\r\n	<br style=\"box-sizing: border-box; color: rgb(90, 90, 90); font-family: &quot;Helvetica Neue&quot;, Helvetica, Arial, sans-serif; font-size: 14px; font-style: normal; font-variant-ligatures: normal; font-variant-caps: normal; font-weight: normal; letter-spacing: normal; line-height: 20px; orphans: 2; text-align: start; text-indent: 0px; text-transform: none; white-space: normal; widows: 2; word-spacing: 0px; -webkit-text-stroke-width: 0px; background-color: rgb(255, 255, 255);\" />\r\n	<span style=\"color: rgb(90, 90, 90); font-family: &quot;Helvetica Neue&quot;, Helvetica, Arial, sans-serif; font-size: 14px; font-style: normal; font-variant-ligatures: normal; font-variant-caps: normal; font-weight: normal; letter-spacing: normal; line-height: 20px; orphans: 2; text-align: start; text-indent: 0px; text-transform: none; white-space: normal; widows: 2; word-spacing: 0px; -webkit-text-stroke-width: 0px; display: inline !important; float: none; background-color: rgb(255, 255, 255);\">The Creative Publishing Network (CPN.co) brings the best in news, tutorials, and advice to design and publishing professionals worldwide, through its properties&#39; podcasts, videocasts, newsletters, web sites (totaling over 1,000,000 website page views per month) and three live industry conferences per year.</span></p>\r\n');
INSERT INTO `publisher` VALUES ('13', 'CAST', '40 Harvard Mills Square, Suite 3 Wakefield United States MA 01880', '+1 781-245-2212', '<p>\r\n	<span style=\"color: rgb(90, 90, 90); font-family: &quot;Helvetica Neue&quot;, Helvetica, Arial, sans-serif; font-size: 14px; font-style: normal; font-variant-ligatures: normal; font-variant-caps: normal; font-weight: normal; letter-spacing: normal; line-height: 20px; orphans: 2; text-align: start; text-indent: 0px; text-transform: none; white-space: normal; widows: 2; word-spacing: 0px; -webkit-text-stroke-width: 0px; display: inline !important; float: none; background-color: rgb(255, 255, 255);\">CAST is a nonprofit education research and development organization that works to expand learning opportunities for all individuals through Universal Design for Learning.<span class=\"Apple-converted-space\">&nbsp;</span></span><br style=\"box-sizing: border-box; color: rgb(90, 90, 90); font-family: &quot;Helvetica Neue&quot;, Helvetica, Arial, sans-serif; font-size: 14px; font-style: normal; font-variant-ligatures: normal; font-variant-caps: normal; font-weight: normal; letter-spacing: normal; line-height: 20px; orphans: 2; text-align: start; text-indent: 0px; text-transform: none; white-space: normal; widows: 2; word-spacing: 0px; -webkit-text-stroke-width: 0px; background-color: rgb(255, 255, 255);\" />\r\n	<br style=\"box-sizing: border-box; color: rgb(90, 90, 90); font-family: &quot;Helvetica Neue&quot;, Helvetica, Arial, sans-serif; font-size: 14px; font-style: normal; font-variant-ligatures: normal; font-variant-caps: normal; font-weight: normal; letter-spacing: normal; line-height: 20px; orphans: 2; text-align: start; text-indent: 0px; text-transform: none; white-space: normal; widows: 2; word-spacing: 0px; -webkit-text-stroke-width: 0px; background-color: rgb(255, 255, 255);\" />\r\n	<span style=\"color: rgb(90, 90, 90); font-family: &quot;Helvetica Neue&quot;, Helvetica, Arial, sans-serif; font-size: 14px; font-style: normal; font-variant-ligatures: normal; font-variant-caps: normal; font-weight: normal; letter-spacing: normal; line-height: 20px; orphans: 2; text-align: start; text-indent: 0px; text-transform: none; white-space: normal; widows: 2; word-spacing: 0px; -webkit-text-stroke-width: 0px; display: inline !important; float: none; background-color: rgb(255, 255, 255);\">The CAST team includes about 40 talented employees, including world-class educators, learning scientists, instructional designers, literacy experts, policy analysts, UX and graphic designers, software engineers, and a first-rate administrative and executive staff.</span></p>\r\n');
INSERT INTO `publisher` VALUES ('14', 'Blurb.com', '580 California St., Ste. 300 San Francisco United States CA 94104-1024', '+1 (415) 362-2067', '<p>\r\n	<span style=\"color: rgb(90, 90, 90); font-family: &quot;Helvetica Neue&quot;, Helvetica, Arial, sans-serif; font-size: 14px; font-style: normal; font-variant-ligatures: normal; font-variant-caps: normal; font-weight: normal; letter-spacing: normal; line-height: 20px; orphans: 2; text-align: start; text-indent: 0px; text-transform: none; white-space: normal; widows: 2; word-spacing: 0px; -webkit-text-stroke-width: 0px; display: inline !important; float: none; background-color: rgb(255, 255, 255);\">Blurb is a company and a community that believes passionately in the joy of books &ndash; reading them, making them, sharing them, and selling them.</span><br style=\"box-sizing: border-box; color: rgb(90, 90, 90); font-family: &quot;Helvetica Neue&quot;, Helvetica, Arial, sans-serif; font-size: 14px; font-style: normal; font-variant-ligatures: normal; font-variant-caps: normal; font-weight: normal; letter-spacing: normal; line-height: 20px; orphans: 2; text-align: start; text-indent: 0px; text-transform: none; white-space: normal; widows: 2; word-spacing: 0px; -webkit-text-stroke-width: 0px; background-color: rgb(255, 255, 255);\" />\r\n	<br style=\"box-sizing: border-box; color: rgb(90, 90, 90); font-family: &quot;Helvetica Neue&quot;, Helvetica, Arial, sans-serif; font-size: 14px; font-style: normal; font-variant-ligatures: normal; font-variant-caps: normal; font-weight: normal; letter-spacing: normal; line-height: 20px; orphans: 2; text-align: start; text-indent: 0px; text-transform: none; white-space: normal; widows: 2; word-spacing: 0px; -webkit-text-stroke-width: 0px; background-color: rgb(255, 255, 255);\" />\r\n	<span style=\"color: rgb(90, 90, 90); font-family: &quot;Helvetica Neue&quot;, Helvetica, Arial, sans-serif; font-size: 14px; font-style: normal; font-variant-ligatures: normal; font-variant-caps: normal; font-weight: normal; letter-spacing: normal; line-height: 20px; orphans: 2; text-align: start; text-indent: 0px; text-transform: none; white-space: normal; widows: 2; word-spacing: 0px; -webkit-text-stroke-width: 0px; display: inline !important; float: none; background-color: rgb(255, 255, 255);\">Holding a finished book with your name on the cover is a truly amazing feeling; it&rsquo;s one of those experiences everyone should have. As software people, designers, and publishing professionals at the top of our game, we realized something both incredible and obvious:</span><br style=\"box-sizing: border-box; color: rgb(90, 90, 90); font-family: &quot;Helvetica Neue&quot;, Helvetica, Arial, sans-serif; font-size: 14px; font-style: normal; font-variant-ligatures: normal; font-variant-caps: normal; font-weight: normal; letter-spacing: normal; line-height: 20px; orphans: 2; text-align: start; text-indent: 0px; text-transform: none; white-space: normal; widows: 2; word-spacing: 0px; -webkit-text-stroke-width: 0px; background-color: rgb(255, 255, 255);\" />\r\n	<br style=\"box-sizing: border-box; color: rgb(90, 90, 90); font-family: &quot;Helvetica Neue&quot;, Helvetica, Arial, sans-serif; font-size: 14px; font-style: normal; font-variant-ligatures: normal; font-variant-caps: normal; font-weight: normal; letter-spacing: normal; line-height: 20px; orphans: 2; text-align: start; text-indent: 0px; text-transform: none; white-space: normal; widows: 2; word-spacing: 0px; -webkit-text-stroke-width: 0px; background-color: rgb(255, 255, 255);\" />\r\n	<span style=\"color: rgb(90, 90, 90); font-family: &quot;Helvetica Neue&quot;, Helvetica, Arial, sans-serif; font-size: 14px; font-style: normal; font-variant-ligatures: normal; font-variant-caps: normal; font-weight: normal; letter-spacing: normal; line-height: 20px; orphans: 2; text-align: start; text-indent: 0px; text-transform: none; white-space: normal; widows: 2; word-spacing: 0px; -webkit-text-stroke-width: 0px; display: inline !important; float: none; background-color: rgb(255, 255, 255);\">there&rsquo;s no good reason why it should take tons of time, technical skills, big bucks, or friends in high places to publish a book. Or a zillion books, for that matter.</span><br style=\"box-sizing: border-box; color: rgb(90, 90, 90); font-family: &quot;Helvetica Neue&quot;, Helvetica, Arial, sans-serif; font-size: 14px; font-style: normal; font-variant-ligatures: normal; font-variant-caps: normal; font-weight: normal; letter-spacing: normal; line-height: 20px; orphans: 2; text-align: start; text-indent: 0px; text-transform: none; white-space: normal; widows: 2; word-spacing: 0px; -webkit-text-stroke-width: 0px; background-color: rgb(255, 255, 255);\" />\r\n	<br style=\"box-sizing: border-box; color: rgb(90, 90, 90); font-family: &quot;Helvetica Neue&quot;, Helvetica, Arial, sans-serif; font-size: 14px; font-style: normal; font-variant-ligatures: normal; font-variant-caps: normal; font-weight: normal; letter-spacing: normal; line-height: 20px; orphans: 2; text-align: start; text-indent: 0px; text-transform: none; white-space: normal; widows: 2; word-spacing: 0px; -webkit-text-stroke-width: 0px; background-color: rgb(255, 255, 255);\" />\r\n	<span style=\"color: rgb(90, 90, 90); font-family: &quot;Helvetica Neue&quot;, Helvetica, Arial, sans-serif; font-size: 14px; font-style: normal; font-variant-ligatures: normal; font-variant-caps: normal; font-weight: normal; letter-spacing: normal; line-height: 20px; orphans: 2; text-align: start; text-indent: 0px; text-transform: none; white-space: normal; widows: 2; word-spacing: 0px; -webkit-text-stroke-width: 0px; display: inline !important; float: none; background-color: rgb(255, 255, 255);\">So we put our minds together, and developed a creative publishing service simple and smart enough to make anyone an author &ndash; every blogger, cook, photographer, parent, traveler, poet, pet owner, marketer, everyone. (This means you.)</span></p>\r\n');
INSERT INTO `publisher` VALUES ('15', 'Archie Comics', '629 Fifth Ave. Pelham New York City United States 10803-1242', '+1 914-381-5155', '<p>\r\n	<span style=\"color: rgb(90, 90, 90); font-family: &quot;Helvetica Neue&quot;, Helvetica, Arial, sans-serif; font-size: 14px; font-style: normal; font-variant-ligatures: normal; font-variant-caps: normal; font-weight: normal; letter-spacing: normal; line-height: 20px; orphans: 2; text-align: start; text-indent: 0px; text-transform: none; white-space: normal; widows: 2; word-spacing: 0px; -webkit-text-stroke-width: 0px; display: inline !important; float: none; background-color: rgb(255, 255, 255);\">The Archie Comics line of comic books is one of the most successful, longest running brands in the history of the comic industry. Archie Comics have sold 2 billion comics and are published in a dozen different foreign languages and distributed all over the world. Archie Comics has spawned characters whose popularity have spilled over into other media and who have become part of popular culture.</span></p>\r\n');
INSERT INTO `publisher` VALUES ('16', 'Computerworld', '492 Old Connecticut Path Framingham United States MA 01701', '+1 777-37-333', '<p>\r\n	<span style=\"color: rgb(90, 90, 90); font-family: &quot;Helvetica Neue&quot;, Helvetica, Arial, sans-serif; font-size: 14px; font-style: normal; font-variant-ligatures: normal; font-variant-caps: normal; font-weight: normal; letter-spacing: normal; line-height: 20px; orphans: 2; text-align: start; text-indent: 0px; text-transform: none; white-space: normal; widows: 2; word-spacing: 0px; -webkit-text-stroke-width: 0px; display: inline !important; float: none; background-color: rgb(255, 255, 255);\">Computer news, features, and resources.</span><br style=\"box-sizing: border-box; color: rgb(90, 90, 90); font-family: &quot;Helvetica Neue&quot;, Helvetica, Arial, sans-serif; font-size: 14px; font-style: normal; font-variant-ligatures: normal; font-variant-caps: normal; font-weight: normal; letter-spacing: normal; line-height: 20px; orphans: 2; text-align: start; text-indent: 0px; text-transform: none; white-space: normal; widows: 2; word-spacing: 0px; -webkit-text-stroke-width: 0px; background-color: rgb(255, 255, 255);\" />\r\n	<br style=\"box-sizing: border-box; color: rgb(90, 90, 90); font-family: &quot;Helvetica Neue&quot;, Helvetica, Arial, sans-serif; font-size: 14px; font-style: normal; font-variant-ligatures: normal; font-variant-caps: normal; font-weight: normal; letter-spacing: normal; line-height: 20px; orphans: 2; text-align: start; text-indent: 0px; text-transform: none; white-space: normal; widows: 2; word-spacing: 0px; -webkit-text-stroke-width: 0px; background-color: rgb(255, 255, 255);\" />\r\n	<span style=\"color: rgb(90, 90, 90); font-family: &quot;Helvetica Neue&quot;, Helvetica, Arial, sans-serif; font-size: 14px; font-style: normal; font-variant-ligatures: normal; font-variant-caps: normal; font-weight: normal; letter-spacing: normal; line-height: 20px; orphans: 2; text-align: start; text-indent: 0px; text-transform: none; white-space: normal; widows: 2; word-spacing: 0px; -webkit-text-stroke-width: 0px; display: inline !important; float: none; background-color: rgb(255, 255, 255);\">Technology no longer just supports the business, it&#39;s at the very center of business innovation and strategy. This focus on creating business advantage unites the spectrum of decision-makers and key influencers across disciplines. Their common goal: to understand and utilize technology to drive revenue and invigorate the customer and employee experience. As the largest enterprise media brand covering the entire breadth of technology, Computerworld ensures that senior technology &mdash; and the entire ecosystem of tech influencers and stakeholders &mdash; create and execute on business-changing strategies.</span></p>\r\n');

-- ----------------------------
-- Table structure for `settings`
-- ----------------------------
DROP TABLE IF EXISTS `settings`;
CREATE TABLE `settings` (
  `id` int(11) NOT NULL AUTO_INCREMENT,
  `defaultStatusComment` tinyint(4) DEFAULT NULL,
  `defaultStatusUser` tinyint(4) DEFAULT NULL,
  `name` varchar(255) DEFAULT NULL,
  PRIMARY KEY (`id`)
) ENGINE=InnoDB AUTO_INCREMENT=2 DEFAULT CHARSET=utf8;

-- ----------------------------
-- Records of settings
-- ----------------------------
INSERT INTO `settings` VALUES ('1', '0', '0', 'all avail');

-- ----------------------------
-- Table structure for `user`
-- ----------------------------
DROP TABLE IF EXISTS `user`;
CREATE TABLE `user` (
  `id` int(11) NOT NULL AUTO_INCREMENT,
  `username` varchar(20) NOT NULL,
  `password` varchar(255) NOT NULL,
  `hash` varchar(255) DEFAULT NULL,
  `created` int(11) NOT NULL,
  `ban` tinyint(4) DEFAULT NULL,
  `role` int(11) NOT NULL,
  `email` varchar(255) NOT NULL,
  PRIMARY KEY (`id`),
  UNIQUE KEY `username` (`username`,`email`)
) ENGINE=InnoDB AUTO_INCREMENT=6 DEFAULT CHARSET=utf8;

-- ----------------------------
-- Records of user
-- ----------------------------
INSERT INTO `user` VALUES ('2', 'orion', '42a30657c90b19549a41757bb9915c62', null, '1472722475', '0', '3', 'orionla2@gmail.com');
INSERT INTO `user` VALUES ('3', 'demo', '9c43117e5d8a1cc923befeab552ceb12', null, '1472722787', '0', '2', 'asfasgg@afagag.ass');
INSERT INTO `user` VALUES ('5', 'admin', 'd0b3b5b46ab3c540b77f6c5975dfd2fe', null, '1473073702', '0', '3', 'admin@admin.com');

-- ----------------------------
-- View structure for `author_picture`
-- ----------------------------
DROP VIEW IF EXISTS `author_picture`;
CREATE ALGORITHM=UNDEFINED SQL SECURITY DEFINER VIEW `author_picture` AS select `a`.`id` AS `id`,group_concat(distinct `p`.`path` separator ',') AS `picture` from ((`author` `a` join `item_picture` `i_p` on(((`a`.`id` = `i_p`.`item_id`) and (`i_p`.`table` = 'author')))) join `picture` `p` on((`i_p`.`picture_id` = `p`.`id`))) group by `a`.`id` order by `a`.`id` ;

-- ----------------------------
-- View structure for `product_select`
-- ----------------------------
DROP VIEW IF EXISTS `product_select`;
CREATE ALGORITHM=UNDEFINED SQL SECURITY DEFINER VIEW `product_select` AS select `p`.`id` AS `p_id`,`p`.`price` AS `price`,group_concat(distinct concat_ws(' ',`a`.`name`,`a`.`surname`) separator ',') AS `full_name`,`b`.`name` AS `name`,`b`.`year` AS `year`,`b`.`available` AS `available`,`b`.`isbn` AS `isbn`,`b`.`description` AS `description`,group_concat(distinct `c`.`name` separator ',') AS `category`,group_concat(distinct `pic`.`path` separator ',') AS `picture`,`pub`.`name` AS `publisher` from (((((((((`product` `p` join `book` `b` on((`p`.`item_id` = `b`.`id`))) join `product_author` `p_a` on((`p`.`id` = `p_a`.`prod_id`))) join `author` `a` on((`p_a`.`author_id` = `a`.`id`))) join `product_category` `p_c` on((`p`.`id` = `p_c`.`prod_id`))) join `category` `c` on((`p_c`.`category_id` = `c`.`id`))) join `product_publisher` `p_pub` on((`p`.`id` = `p_pub`.`prod_id`))) join `publisher` `pub` on((`p_pub`.`publisher_id` = `pub`.`id`))) join `product_picture` `p_pic` on((`p`.`id` = `p_pic`.`prod_id`))) join `picture` `pic` on((`p_pic`.`picture_id` = `pic`.`id`))) group by `p`.`item_id` order by `p`.`item_id` desc ;

-- ----------------------------
-- View structure for `publisher_picture`
-- ----------------------------
DROP VIEW IF EXISTS `publisher_picture`;
CREATE ALGORITHM=UNDEFINED SQL SECURITY DEFINER VIEW `publisher_picture` AS select `pub`.`id` AS `id`,group_concat(distinct `p`.`path` separator ',') AS `picture` from ((`publisher` `pub` join `item_picture` `i_p` on(((`pub`.`id` = `i_p`.`item_id`) and (`i_p`.`table` = 'publisher')))) join `picture` `p` on((`i_p`.`picture_id` = `p`.`id`))) group by `pub`.`id` order by `pub`.`id` ;
